,0,1
0,哈哈哈可以啊 那边种地这边霸道总裁,今天很乖~LI
1,现实种地，剧里霸总，这就是反差萌吗[呲牙],树妖柳苏苏
2,种地之前就拍好了嘛？,萌萌的酷比
3,赵一博是一个很踏实的演员，在种地吧里面他的人格魅力感染了我，期待赵一博在妈咪的反攻里的精彩演出,吴大胖啊啦
4,一博演霸总还挺像回事，女生也挺好看，有点姐弟恋的意思，还挺好磕的[应援][应援]就是这婆婆怎么想的到底,x在七年
5,期待已久，终于可以看了[应援],小木土🚶🏻🏁
6,一博，点进来已经是我最大的努力了，我祝你成功吧[大拇指],别的宿舍必备的
7,演的净是这种剧你不迷茫谁迷茫啊赵啾咪[大哭],歪到超级欧不二大葱
8,姜翎是一个口嫌体直的豪门霸道总裁，五年后遇到昔日旧爱云轻轻，两人即将上演一段抓马大戏。姜总就是用最虐的刀，撒最甜的糖，他嘴上说着拒绝，心里其实很诚实，我希望大家不仅仅能看出他霸道总裁工作狂的一面，还能看到他背后反差萌的一面。,种地吧-赵一博
9,有一种看熟人演戏的尴尬。,满弋
10,拍那么潮的剧，赵一博你不要命啦[捂脸笑][捂脸笑][捂脸笑][捂脸笑],找不到对方呀
11,救命啊，赵总你要不还是种地吧哈哈哈哈哈哈哈哈哈哈哈哈哈，赵一博你敢不敢把这个放到种地吧里面啊？哈哈哈哈哈哈和哈哈哈哈救命，我真的要笑抽了,有本事你再说一遍？！
12,哈哈哈哈哈哈哈哈哈哈哈 赵一博你敢不敢让哥几个看你的电视剧！！！！！还是种地适合你[捂脸笑]以后别拍戏了 算我求你 [微笑],"— 🍊 —
XXL西柚"
13,为啥呀赵啾咪为啥呀,木缄
14,有一种熟人上电视的感觉[捂脸笑],爱喝果汁的夏侯若华
15,赵哥 迷茫的开端吗,懒亻☀
16,"赵师傅，今天的vlog,我要看见九个兄弟坐一起看这部剧的场景！",小狗野心家
17,啾咪啊，你现在还迷不迷茫我不知道，但我快看迷茫了。,刨杨梅冰
18,不是，为啥其他演员的介绍图片都是形象照一类的，赵一博的介绍图片就是蹲地上种地的照片啊,夏晨无心
19,看过一博种地，咋感觉总裁怪怪的[捂脸笑][捂脸笑],温文尔雅的爽朗的栗子
20,“十个勤天“公司新项目:农作结束后每晚十位董事长一起看赵董事长主演的《妈咪的反攻》[偷笑][偷笑],官腾的小迷妹
21,为啥呀 赵一博 到底为啥呀,蓝色小蟹☁
22,hhh我来看赵一博这个脚趾抓地的剧了,骆骆☀️
23,又土又尬赵一博你不迷茫谁迷茫。但还是支持一把一博。,。。。🍉7920
24,赵一博你看看，为啥别人演员简介里照片都精致，就你的在种地[捂脸笑],rrrrrr费劲起名字
25,为啥呢 赵啾咪 为啥呢,用户85206823
26,禾伙人的支持就到这了,好呢hhc
27,十个勤天一人挣钱，九个人被扒黑历史[捂脸笑],皛 甯lj
28,从种地吧来的，替一博尬的脚趾头抠地[捂脸笑],Ash lover😃
29,赵一博为啥啊 为啥啊,后陡门小朝
30,我就说之前为啥老推这玩意给我[捂脸笑]原来是你小子,小米Rifle
31,赵一博 拍这剧 你不迷茫谁迷茫啊哈哈哈哈哈咱还是好好种地吧,凉酒不暖
32,哈哈哈！非常理解新人时期没的选择，有啥活就演啥。希望节目结束后能接到更适合的剧吧！加油！,Aobbbb💯
33,我说怎么给我推荐这种剧，原来是赵秘书,山木有
34,啊哈哈哈哈哈哈哈哈今天点开电视剧合集页面 第一个就是这部剧哈哈哈哈哈哈哈哈哈爱奇艺你是会推剧的（doge,璇Xuannn
35,赵啾咪啊你不迷茫谁迷茫,留言条🐣
36,云轻轻是一个命运多舛的女人，五年前因打击绝望出走，五年后她换了一个身份复仇归来。让人欲罢不能的绝美前妻云轻轻遇到冷面霸道总裁，开启一场拉丝互撩的抓马大戏！她手能撕绿茶，还能吊打渣男，刚一上来就这么刺激？保准你们看了以后就上头！,李博洋_
37,为啥啊赵一博[捂脸笑]有种看熟人演戏的尴尬[色],可乐cola🤙
38,啾咪你不迷茫谁迷茫[捂脸笑],睨NI🌈
39,种地就是男人最好的医美[色],跪在之自知明
40,种地里面确实赵一博最帅，为什么是角色定位这么成熟的霸总，有没有他要学院派的？本来就好年轻,温柔梦想家果果
41,在这迷茫无助找不到自我，种地吧:我是董事长的狗[狗头],红鼻子小熊
42,赵一博在这里面这就当爸爸了？[捂脸笑],用户7be80535
43,你小子！还演过这个呢哈哈哈哈哈哈哈哈哈@种地吧-赵一博 ,小林爱睡觉🍂
44,不管咋样，这种一次性出全集的我佩服,【    梦幻の蝴蝶】
45,家人们我感觉我的脚趾要扣烂了[微笑][微笑],ʚ 歡 ɞ
46,赵一博你真的是火了，现在爱奇艺都开始给我推这个了,蟹柳滑蛋
47,还是喜欢那个话痨小农民的赵一博，演技还是需要提升一下,五月小花花
48,一博的黑历史,吃一盘烤鸭
49,不是，为啥啊，赵一博为啥啊,用户939e96041dd01
50,真的好抓马啊 救命 特别是代入赵一博种地的样子,Vicky ccci
51,啊啊啊啊，一博那么帅这里面咋这么普通还这么尬呢[吃瓜][吃瓜],蒹苍苍白为霜
52,刚看完种地吧，就给我退这个，哈哈哈哈，爱奇艺你是懂营销的[捂脸笑],小糖块儿451
53,为啥啊哈哈哈哈哈哈哈哈哈为啥啊赵一博,花陌亦歌
54,笑死，一博的照片用的种地的照片[捂脸笑],书墨雨123
55,我对赵啾咪的爱竟然不足以让我看到第十分钟，天哪，还是去看种地吧了[捂脸笑],爱喝啤酒の慕容友容
56,男主赵一博正在参加综艺节目种地吧,（张倩）宝铮宝莹妈妈
57,这不是赵啾咪吗？,挺好的嘚嘚
58,在这看一博有种像是在看我农村发小演戏的尴尬感[捂脸笑],水墨＊音色
59,演员照片怎么赵一博是在种地的照片啊笑死我了[色],喝不过定好时间
60,赵一博非科班出身演技比我预想好很多诶[大拇指]希望不要流量化，踏踏实实演戏感觉会很不错,饮水也思源
61,一博，你不迷茫谁迷茫哈哈哈,心💕i
62,对不起一博，真的好尬，你还是去种地吧[捂脸笑][捂脸笑][捂脸笑]。又尬又好笑，我居然看下去了，就想看看还有什么离谱的剧情,爬山虎和青苔🍧
63,为啥啊 一博 ,DLRBGR
64,一博颜值没得说，种地更帅,巴巴琪琪
65,我就支持到这儿了,玉茹(▼皿▼＃)
66,你 我 你……不是，为啥啊？第一集大人小孩只能保一个就绷不住了[微笑],是鸢尾花呀9555c5db
67,这是2023年的剧？？？,eaae山风
68,[捂脸笑]演技太差了，我的天🤦‍♀️ ,孙公子S
69,原来这就是赵一博想找到的自己[捂脸笑][捂脸笑],吴端静
70,赵一博继续加油，在演员的路上越走越好↖(^ω^)↗,爱爬山de上官米琪
71,"脑子寄存处
大家有序存脑，开心看剧[应援][应援]",李忘生娃
72,"赵一博诶[应援][应援]看到了马上点进来看了，期待[爱心]
PS：会员可看全集，是真的很不错[微笑]",潇歌家的小二十
73,希望啾咪能接到好的剧本,点灯看书功成名就
74,笑死我了，哈哈哈哈啾咪你干啥哈哈哈哈,有条理的风光🌟
75,从种地过来的！不忍直视[捂脸笑]其他九位成员怎么看！[捂脸笑][捂脸笑][捂脸笑],钞努力🌷
76,哟嚯今天的你辛苦了,任悠汐
77,我先看一集  怕滤镜扛不住哈哈哈哈哈哈哈,一丝阳光☞
78,这片子。。我还是回去看种地吧[捂脸笑],ckj在静待花开
79,啊哈哈哈(ಡωಡ)hiahiahia 赵一博究竟演了多少短剧,Victoria_qq1940
80,哈哈，刚看他在种地，现在来看霸总,464091498
81,哥，我除了你的颜值是一点儿也看不进去[捂脸笑],玉茹(▼皿▼＃)
82,为啥啊为啥啊哈哈哈哈哈哈,_-:
83,好家伙，电焊毕业的转型演员了[狗头][狗头][狗头],风雨同行hzh
84,就喜欢看这种复仇类的爽剧，有一样的嘛，举个小手看看吧！,翩然入君怀
85,实在是看不下去，不好意思啊赵秘[捂脸笑][捂脸笑],无敌勇士001
86,赵啾咪:没办法，他们给的实在太多了[色][色][色],鹿困森林@
87,你不迷茫谁迷茫[捂脸笑],六十九vs
88,我针惊了【小童lp的语气】[捂脸笑][捂脸笑][捂脸笑],一园小熊
89,对不起啾咪，我实在看不下去，哈哈哈哈哈哈哈,嗷呜醬
90,为啥呀哈哈哈哈啾咪,用户5160e43c
91,为啥啊一博为啥啊[捂脸笑][捂脸笑][捂脸笑],住进我美梦
92,替一搏尬死哈哈哈,乐于助人的9是我
93,有一种熟人演戏的尴尬感,pupu...💋
94,才看了开头，我人就已经笑没了,爱骑自行车de第二蕴美
95,aqy都自己把这个推给我，种地版霸道总裁,yep光源
96,来看看赵啾咪[微笑],唯爱灬永存
97,收藏了，有空看看赵啾咪的霸总,一切美好的开始🍊🍊-17
98,为了一博忍痛花了一元开了三天的会员[色],卧去。
99,赵啾咪为啥啊到底为啥啊,厌倦了再蹉跎5
100,哈哈哈哈哈哈 这简直就是霸道总裁爱上我小说还原  ,这是我的小号呀呀呀呀呀
101,来看赵啾咪的黑历史，嘿嘿嘿嘿,啥都不是啦
102,什么鬼？怎么没有种地帅,友友猫
103,不行，看了他们种地，看剧实在看不下去，就跟吕子乔一样，再转换都忘不了,who r u?
104,想看种地团集体reaction这个剧哈哈哈哈,巴玛苏罗
105,刚看完种地吧，一退出来就看到这个了,H陪我吹晚风吧
106,emmmm赵一博我的支持就到这里了，我祝你成功吧[爱心],天真让你减肥了
107,救命，熟人拍照的尴尬感席卷而来[捂脸笑][捂脸笑][捂脸笑],胡一天的光光大可爱😙
108,就是演技确实不能和专业人士相比，哎，观众审美水平已经提高,守护者渡
109,赵啾咪，第一集看了十分钟，尽力了，祝你在霸总路上越走越远，我撤了[应援][应援][应援],叮叮又铛铛呀
110,拍这么多霸总剧，你不迷茫谁迷茫,阿拉蕾啊嗯
111,感觉啾咪的原声就蛮好听，这个配音有点一时半会.出戏,年糕大美女
112,一博这颜值演校园剧少年剧不得迷死人啊,七八个菜
113,哈哈，来看十个勤天的赵秘书,潍坊甜菜
114,这真是2023年的剧吗哈哈哈哈哈，好土，我喜欢[捂脸笑][捂脸笑],鹿困森林@
115,来看看.我们赵啾咪的演技怎么样~,别找....
116,就喜欢不准时，终于提前开播啦！,笑呵呵的暮雪流年
117,看不下去，家人们我先走一步,超级飞侠_(:з」∠)_
118,我啾咪的颜值还是很能打的[应援][应援][应援],山鬼的倩女
119,赵啾咪为啥啊,陆生裸蕨大羽羊齿
120,哈哈哈哈种地是男人最好的医美,是得安吖
121,好抓马的剧情[捂脸笑][捂脸笑][捂脸笑],josylin
122,我看到了什么[捂脸笑][捂脸笑][呲牙][呲牙][呲牙],我爱吃糖葫芦🌈
123,为啥呀 赵一博！为啥呀！,Raynele
124,女主五年后回来复仇,笑呵呵的暮雪流年
125,哈哈哈我要笑死了,君君故故
126,种地那边啾咪，这边就霸道总裁是吗哈哈哈哈哈哈哈,慧慧
127,为啥啊赵一博为啥啊！哈哈哈哈！,想奔去见你的大傻
128,会种地的霸总有点期待！！！！,茶树在长白山喝雪碧
129,救命吧，右边是种地,josylin
130,这剧怎么改名字了，哈哈,喜欢骑行の仲孙欣然
131,哈哈哈哈  我来看看迷茫的赵秘了[捂脸笑][捂脸笑],晴云舒复卷
132,哈哈哈哈看完种地吧回来笑话华东麦王[捂脸笑],纤纤吃不胖
133,不是一博演爸啊,慕然希可
134,哎妈呀有种看熟人演戏的尴尬哈哈哈哈,甜calo
135,赵啾咪啊，看得我脚趾抓地,咿呀呀呀呀咿
136,10分钟的电视剧现在也能上了。哎。4集电视剧时长能看啥...,思_维没逻辑
137,[捂脸笑]完全不敢看,aaaqqyy
138,啾咪演的很好咱下次别演了[微笑],番茄鸡蛋面＆prime；
139,种地吧里面不是甜妹吗，这里成了霸总[应援],超爱奔跑的乐正映萱
140,支持孩子的每一个理想 望赵一博啾咪早日实现剧本自由,邱北语sama
141,啾咪啊，要不你迷茫呢[捂脸笑],子非鱼哉
142,哈哈哈哈啾咪，我也只能点进来了,sakuyao
143,救命哈哈哈，我还是爱看种地哈哈哈,"Aurora...*,"
144,好家伙，上来就当爸了,156****9998_m2404
145,不愧是你赵揪咪,我我我哦nnnnn
146,赵董的照片是种地的时候，谁懂啊[捂脸笑],爱吃大闸蟹的波波儿
147,来看啾咪[呲牙],小瑜安娜大勤天
148,算了，我还是看不下去，走了赵啾咪，哈哈哈哈哈哈,匿名用户
149,哈哈哈哈哈哈哈来看迷茫的赵秘[狗头],小芽头骗子
150,好家伙，下面好多刷出来的评论,颜色QAQ
151,哈哈哈赵工,Eon8
152,哎嘛，这不是我们赵啾咪嘛~,用户549f10c
153,猜我喜欢，我说为啥看着这么眼熟[捂脸笑][捂脸笑],用户@da2b63041b240
154,啊哈哈哈哈哈哈哈一博,JMSWEET
155,我笑死同时尬死,天真让你减肥了
156,这剧真的太好看了吧都去追啊！，已经推荐给朋友了,乖_不起来
157,9分23秒，对不起了一博，我的脚趾头只允许我看到这儿了，你们懂得，有时候自己一个人看剧也挺无助的[捂脸笑][捂脸笑][捂脸笑][捂脸笑],用户6df8e910
158,哈哈哈赵啾咪,何须。
159,哟，这不是一博妈妈吗,谈笑风生的qq1353
160,脚趾把鞋扣烂了都没忍住，啾咪啊啊啊啊啊啊啊啊你还是种地吧,用户7c688aa42a980
161,哈哈哈哈哈一博的总裁剧 从种地吧过来的[应援],Ahai7
162,这是什么时候的剧啊[笑哭][笑哭][笑哭]赵啾密,用户@d4ae51a41af81
163,支持一下一博,闻人暖(｡･ω･｡)
164,救命我来了[捂脸笑][捂脸笑],Ryan小渔
165,种地是男人最好的医美哈哈哈哈,李桂花冲呀
166,啾咪这一次算欠你的 等你...我必是会百倍千倍奉还的 看了十分钟 我先撤了（bushi,用户7e03b1e3
167,谁懂啊？真的很喜欢这种无语短句，还是这种题材，男女颜值实力在线,独家记忆9240
168,为啥啊赵一博,江江江江江江姜！
169,啾咪，九敏，好好笑，但是不影响喜欢你，有一说一，真的好好笑，姜总，你加油[应援],猪儿佩奇🌟
170,是什么让我们相聚于此,冇发烂渣啊
171,我就喜欢这种让揪咪脸红的剧哈哈哈哈哈哈哈哈哈哈哈哈哈没事儿揪咪咱们挣钱不磕碜！以后会有更多好剧本的！,iriswhatdidshewatch
172,随机点了一段 好尬好尬[捂脸笑],繁繁馨
173,哈哈哈，我就说这个人好像赵一博，点进来果然没有失望,婷婷子ing💦
174,剧荒了 来支持一下啾咪的剧 先翻了下评论 emmm不知道我能不能看完第一集,用户672f005b
175,有点出戏哦 看了种地吧少年 赵一博,改错题🎡
176,为啥呀为啥呀,潍坊甜菜
177,来支持啾咪,心动🌈🎂Brayden💓
178,后槽牙咬碎了还是没忍住笑出了猪叫[捂脸笑][捂脸笑],用户81a1b84400f40
179,啊哈哈哈哈哈哈哈哈哈哈哈哈哈哈哈哈我觉得冲个会员来看赵一博迷失自我的过程,～布鲁吐司
180,啾咪的反攻,贫道没有那种世俗的欲望
181,哈哈，赵秘书演霸总[捂脸笑],147****7010_m1796
182,啾咪的反攻[捂脸笑],别把我一个人留在这个夏
183,来看赵啾咪丢人了,hjythc
184,哈哈哈哈哈你个赵啾咪,阿巴阿巴z✨
185,笑死了，哈哈哈哈，来看赵揪咪,爱吃西瓜de侍其千柔
186,我是无脑自来水，可看性较强,莪在春天种下一個老婆
187,"来看赵总[色][色][色][色]
不懂就问，这评论说有人空瓶吗，咋感觉怪怪的[捂脸笑]",原来一开始就是因为你
188,我直接来笑死,脆柿子(•‿•)
189,期待幸福美满的大结局,dukobe
190,来看赵啾咪了,哇好听的名字hhhhhhhhhhh
191,为什么啊,Elijah-nic.
192,赵啾咪 你自己尴尬不尴尬[笑哭],欲渔
193,哈哈哈哈赵啾咪,灵超仙鹅
194,赵一博演霸总哈哈哈哈哈哈哈哈哈哈哈哈哈哈哈哈太可爱了受不了了！满脑瓜都是他种地傻笑的样子[捂脸笑],蒙娜力三
195,哈哈哈来看啾咪,在数星星、
196,赵总哈哈哈哈,鹿鹿共白头
197,种地霸总 我来了,w蒟蒻y
198,我震惊的是这么年轻，接的戏里竟然有小朋友的角色哈哈哈哈,Bertha_qq1695
199,啾咪绝了,海海海海胆～
200,这种熟悉的剧情，我真是一言难尽，还敢来污染我的眼球！！谁给你的胆子,XXF😁
201,来看啾咪丢人[捂脸笑],石绵绵ぃ
202,哈哈哈哈哈哈赵啾咪,啊啊啊啊叹
203,啾咪还是稚嫩了点哈哈哈,蔷薇木瓜
204,来看看啾咪[色],是阿辛在这里呀
205,赵啾咪哈哈哈哈哈,木木爱吃蒸鱼
206,还是赵啾咪可爱一些[微笑],爱吃嘟嘟菌类的王老板
207,从种地吧过来的[捂脸笑],戟无霸
208,赵一博真的笑死我，[捂脸笑]哈哈霸总气场啊，还有这怎么感觉比女的还有点低啊，这西装属实是穿拘束了。种地简直是男人的医美啊,依兰queen
209,这个剧情尬了些[捂脸笑]知乎短篇啊[呲牙],🇨🇳 笑笑猫
210,"来看赵一博哈哈哈哈哈
",鲈鱼2001
211,一博  我自己扣出豪宅🏤了[微笑][微笑],南彬依
212,怎么现在还有这么尬的演技和剧情[捂脸笑][捂脸笑],喜欢吃牛排の胡母曼岚
213,赵一博我终究还是来看了[捂脸笑],ANGU😍
214,"赵一博，为啥呀
封面吸引我进来了[捂脸笑]",生活顺利.⭐
215,不是我一打开就看到这??,IdealBestards
216,点进来评论一下就是我最大的溺爱了,lala_qq3863
217,甚至连演员表都是种地吧的图片哈哈哈哈哈,asdfgrc
218,家人们快去看，一博演员表里是种地吧的图,殇刃L
219,再种地吧旁边，不得不点进来看[666],一野小野
220,隔行如隔山 我祝你成功吧赵啾咪[捂脸笑],斌总💥？
221,救了大命了，对不起了啾咪，我点进来就花很大的勇气了,又来熬夜啦
222,睡衣搞得花里胡哨的，难看死了,光琴033
223,什么？！一博？！,【纪元】
224,啾咪博  这么会接剧 你不要命啦[捂脸笑],百变小叮当..
225,为啥啊 一博你为啥 你不迷茫谁迷茫,LT、Theater
226,这是我看过的赵一博吗,exoL小凡
227,这么年轻就演爸爸，接一下些未婚前的恋爱剧会更好,meek🍀🍉Taylor
228,慕名而来，点开是对赵啾咪最后的爱了,一树梨花一溪月，不知今夜属何人
229,一博，种地的总裁，好有意思呀哈哈哈,天天11112~
230,好巧哈哈哈哈哈一进来就是赵工,NowNowa.
231,哈哈哈哈，从种地来的,反对非法烟
232,女反派演的女皇帝，挺好看的，回到古代当太监。,看综艺的春程
233,哈哈哈哈哈看到是赵一博演的就进来了，,慧慧
234,其实剧情安排和演员配合度都挺好的[呲牙][呲牙],楠叔不合法
235,哈哈哈啊哈哈种地霸总，笑发财了,小小怪诞✨
236,姐姐还没有妹妹好看呢！,阿超🌟😚97
237,紧张感有搞笑的地方也有，这才是应该上热搜的好剧,湫远_23
238,整个宿舍都加入观剧大队，完全被故事线路吸引,我喂自己袋盐_w_
239,绿茶上位不成绑架总裁儿子 不想闯了大祸，总之，好剧就应该要力荐,感情泛濫的小孩_
240,主人公表演自然到位，希望能成为未来中国电视剧标准,跟太阳捉迷藏_3
241,人物和情节都比预告饱满很多，已经推荐给朋友了,感觉卡了我
242,剧里服化道的整体质感也都非常不错，为了看这个充了会员,三岁统治地球_
243,很期待的一部剧，扣人心弦、与观众产生强烈共鸣,想要个抱抱_33
244,剧里的年轻演员们都表现的不错，不枉我等了这么久,被你吃掉了_33
245,今天看了几集感觉还不错，我要安利给我朋友一起看,甜出服务区_33
246,演员卡司阵容太强，演员们的精彩演绎看得让人目不转睛,想吃月亮了
247,没想到这部剧的质感这么好，感谢所有演员，这部剧值得这么多夸赞,韭菜酱果
248,我的剧荒的日子终于结束了 ​​，被朋友推荐来看没亏,闭上眼装傻2_
249,用心拍的剧大家都看的见。，感谢所有演员，这部剧值得这么多夸赞,希洛梦
250,看了一集之后根本停不下来，马上就拉朋友一起追剧,陪我住进冰箱可好_2_
251,故事节奏、细节处理和配乐都不错，希望导演继续给力,软出新天际232e
252,不愧是我放入追剧列表里的电视剧，希望后面剧情更精彩,我在魔仙堡玩泥巴32tr23
253,国产剧里极少见的很有魅力的男主角，欲罢不能，明天继续,未驯化的狐狸3r23
254,我的剧荒的日子终于结束了 ​​，故事好棒蛮期待后续,突然变乖eq
255,都是一些熟悉的面孔很合我意，决定继续追下去,做个吃货有何不可biu
256,紧张感有搞笑的地方也有，快点给我更新，等不及啦,特技是稻草人r13qr5
257,节奏很紧凑画面很舒适，整体来说，剧集瑕不掩瑜，值得上9分,巴拉拉能量作业消失_
258,卧薪尝胆五年，属于她的她都要夺回来，一整个爱住,吃冰棍嘛rfq3q
259,拍摄手法很符合年轻人的口味，看电视剧走起来,今天也要做锦鲤
260,国产剧里极少见的很有魅力的男主角，好期待后面新人物,迟茗43r3
261,导演编剧换一个我就不看了，还好我没错过这么好的剧,想飞的仙女x3
262,在最近的国产电视剧中算是出彩的了，每个人的演技都那么还原,希酱牌云朵有点甜3r
263,很适合家人一起追的剧，快点给我更新，等不及啦,路人友
264,紧张感有搞笑的地方也有，主演演技全在线，故事也很引人入胜,我是二哈闪亮亮
265,导演镜头节奏掌握得很不错，感觉越到后面越好看,胖德天下第一
266,情话土归土但那是甜蜜乐土，演员和编导继续保持水准,书婳t43t4
267,情话土归土但那是甜蜜乐土，小伙伴们来看看这部剧吧,扮cool搭的士
268,这阵容还有谁，希望能成为未来中国电视剧标准,十玖2e
269,音效视效都很棒，整体来说，剧集瑕不掩瑜，值得上9分,跗骨3232
270,内容也不拖拉，感谢所有演员，这部剧值得这么多夸赞,栖寺_e3
271,演技放心制作放心真心高品质好剧，这才是应该上热搜的好剧,解阙_er3
272,不管从演员阵容还是剧情走向都很有看点，感觉越到后面越好看,苑妆_23
273,从主演到小配角演技都很不错，扣人心弦、与观众产生强烈共鸣,鹊叔_233
274,拍的特别真实，整体来说，剧集瑕不掩瑜，值得上9分,机智的帅大叔c
275,拍摄手法很符合年轻人的口味，希望导演继续给力,撕裂了乌云
276,这剧真的太好看了吧都去追啊！，希望能成为未来中国电视剧标准,沙曼_
277,很适合家人一起追的剧，希望未来能多出一些这种高质量的影视剧,窗灯43r
278,演员细腻的演技，希望能成为未来中国电视剧标准,云端里smoking
279,卧薪尝胆五年，属于她的她都要夺回来，看着真不错,保持Passion
280,每个重要的点都演的很细节，这剧刷新了我的观影最高分,穿姐姐的FILA
281,国产剧里极少见的很有魅力的女主角，希望不要烂尾,清弋423r
282,强大的班底，团队！还有让人期待，感觉越到后面越好看,池烠_333
283,剧里的年轻演员们都表现的不错，我要安利给我朋友一起看,不酷但很软233
284,剧情也特别真实接地气，谢谢你们所有人给我们一部好剧,把你揣进口袋_33
285,演员阵容强大都是妥妥的演技派，很喜欢这个片子细节,感觉卡了我
286,音效视效都很棒，希望未来能多出一些这种高质量的影视剧,被你吃掉了_33
287,电视剧是集体的艺术从剧中可以看出编剧和导演的用功，给我锁死啊,萌出服务区_33
288,群像演技都十分精彩，主创团队真的辛苦了，谢谢你们,软萌且乖_33
289,节奏特别好演技和台词都在线，好剧才是开会员续费的动力哈,推倒餐具
290,在最近的国产电视剧中算是出彩的了，希望能成为未来中国电视剧标准,七曜贤者
291,不管从演员阵容还是剧情走向都很有看点，小伙伴们来看看这部剧吧,软在你眼里er3t
292,像微电影一样节奏感太好了，在我心中这就是年度最佳,粉色梳妆台23
293,强大的班底，团队！还有让人期待，已经推荐给朋友了,未驯化的狐狸3r23
294,不愧是我放入追剧列表里的电视剧，很喜欢这个片子细节,脸让猫挠了342
295,拍摄手法很符合年轻人的口味，还好我没错过这么好的剧,吃冰棍嘛rfq3q
296,赵秘你拍的霸总可真不少啊哈哈哈哈哈,可乐芬达1129
297,因为赵一博点进来看，结果发现自己看过，0.0，哈哈,平凡之路510
298,赵一博真的[色][色][色][色][色]只能说种地真的是最好的医美,李禾火🍭
299,必须支持一博,dukobe
300,期待已久，太好看了。,小辣椒1999🎊
301,帅气的一博,dukobe
302,赵一博，以后别拍这种戏了[捂脸笑],西一西😆
303,"这妈妈好狰狞啊 演的好
",这是我的小号呀呀呀呀呀
304,追妻火葬场 哈哈哈,ᵕ̈ 
305,心疼女主，霸气回归,笑呵呵的暮雪流年
306,🉑看全集不错,笑呵呵的暮雪流年
307,喜欢看种地吧，赵一博理科少年[大拇指][大拇指][大拇指],青青亮亮🍍
308,太尬了，能扣出一座城堡，我要看种地吧,鲨鱼嘟嘟1989
309,什么意思 在我主页给我推这个[捂脸笑][捂脸笑][捂脸笑],Dalnimmmmm
310,居然是主页给我推荐的？！哈哈哈一博啊一博,232OOO
311,一博还是尝试校园剧吧[捂脸笑]种地里真的很有魅力,李桂花冲呀
312,看的乐呵呵的，还是种地更帅点啦,茄子醋木鱼
313,助理是赵一博配的音吗,爱吃菠萝的Funny
314,救命啊 你还是去种地吧[捂脸笑],大 黄 鸭
315,一博还是种地的时候帅又有朝气[笑哭],呆桃兒
316,看了种地的赵一博再看这个哈哈哈哈哈哈，好违和,钰洁🥰
317,我是看了种地吧再来看的,用户448c362a
318,为啥呀 为啥呀赵啾咪,后斗门的夏🐑
319,这不赵一博吗,热苏打°*:.☆
320,这个霸总个子有点袖珍啊[捂脸笑],边撩撩的大可爱
321,为啥啊啾咪,lllxfff
322,一博，我会努力看的,刨杨梅冰
323,还是种地适合赵秘,舍不得动脑
324,为啥呀，赵一博，到底是为啥呀,哈哈哈…嗝！！！！
325,为啥啊赵一博为啥啊,啊夕Anthea
326,啾咪啾咪,地瓜丸子咘
327,为啥啊这是为啥啊,ccccccc、.
328,赵一博，为啥啊你为啥啊哈哈哈哈,ZZR芷柔
329,啾咪，多拍，爱看,展俏是我呀
330,啾咪啾咪,我是李昊
331,哈哈哈哈哈 赵啾咪 我来了,小訧🥦
332,为啥啊一博[捂脸笑][捂脸笑][捂脸笑][捂脸笑],薄荷撞可乐♏️
333,哈哈哈哈哈哈哈哈有种看熟人的感觉,HLWL9
334,来看一博哈哈哈,139****4694_m2399
335,为啥啊赵一博为啥啊,憨批.....。
336,还得是沈总啊,后陡门的夏🌸🍃
337,赵啾咪：为啥啊。,明哥在爱奇艺
338,哈哈哈哈哈哈赵一博,匿名用户
339,来看赵一博了哈哈哈哈,溯㊣
340,考古啾咪,卟卟哔卟
341,哈哈哈，一博,嘉不羁哟
342,部分剧情映照现实值得人们反思，拍的挺好的呀,买老婆去_w_
343,挺上瘾的，这无疑是今年最好的剧,长洲r34
344,爱奇艺怎么也踏上短剧的路,星河叹🍓
345,最讨厌短剧了，没头没尾的[捂脸笑],小马哥1001
346,这个剧咋没有设置弹幕,Koi*＊
347,来支持一下[色],筱筱(⑉• •⑉)‥♡🍉
348,朋友推荐来看的，完全猜不透剧情发展,比你还萌_33
349,听说班底很不错，超出预期~,少女收发室_233
350,一众实力派演员，里面每个演员我都好喜欢,鹿耳甜心_33
351,剧情真的特别棒，这无疑是今年最好的剧,耳朵超软_233
352,节奏特别好演技和台词都在线，不够看不够看啊,池烠_333
353,演员性格塑造分明，挖了新坑了啊哈哈哈,雏禾_223
354,导演的运镜太棒啦，这几年国产剧越来越好了,椿慵_33
355,舍不得快进，里面每个演员我都好喜欢,甜猫储藏室_
356,看起来很舒服，好希望一次更新完,甜味信息素_233
357,果然是实力派，真的超级赞啊,萌酱_小可爱_ε
358,卧薪尝胆五年，属于她的她都要夺回来，值得推荐,幼稚园杀手_233
359,布景什么的也还可以，真的值得看,不酷但很软233
360,又土又上头 要素过多，期待剧情发展,俺媳妇说俺长得帅_2_
361,演员阵容强大都是妥妥的演技派，期待着哦,攒一筐愿望__
362,认定选角很合适，真是好看,专属粉色系_
363,真的很正能量呢，这样品质的剧真的可以多来几部！,神啊_赐个妞吧
364,镜头可真牛啊，没有一个是废的，是好看的没错,把你揣进口袋_33
365,无法停止的喜欢，可以追的剧,黑羊_卵ww
366,还原度很高，更新再快儿吧,巧克力慕斯_3
367,很合我的胃口，感谢编剧大大，感谢导演,进击的学渣_3_
368,很期待的一部剧，希望后面剧情更精彩,甜入你心底_
369,致敬每一个功勋先锋，耐心一些，会有惊喜的。,考试就是哪里不会考哪里ww
370,这部剧太香了我的天，这几年国产剧越来越好了,不卖萌_纯笑容
371,剧情是在线的，欲罢不能，明天继续,被窝是我初恋_
372,主人公表演自然到位，故事好棒蛮期待后续,脑袋发芽了_33
373,终于开播了，各方面都很有质感的一部剧,甜的尴尬_33
374,期待好久了，真的特别棒,揣一袋快乐_33
375,国产难得做这个题材，好希望一次更新完,风格豆腐干223
376,这部戏的班底好强大，好看好看,集齐一箱_纯露
377,看这演员阵容确实值得看，不能错过的好剧,zheng经货
378,赞美剧组工作人员，好看好看,浅了个九_33
379,很好看的一部电视剧，这样品质的剧真的可以多来几部！,攒一屋的巧克力_33
380,在最近的国产电视剧中算是出彩的了，追剧人狂喜,萌出服务区_33
381,剧集本身超有感染力的场面，要认真看剧了,软萌且乖_33
382,重要情节一点都没落下，一系列剧情和细节都很好,梅干菜煮汤
383,终于开播了，这也太好看了吧,抓到一只小可爱41 q
384,女主演技不错，我要叫同事们都来看,耳根软得很r12
385,服化道没得说，会继续保持追剧的,枸杞红枣水
386,剧情挺不错的，目前不错，再接再厉,到海里浪
387,剧情紧凑环环相扣，这个真不错,推倒餐具
388,感觉这部剧的风格挺大胆的，这样品质的剧太难得了,西野加奈143t
389,节奏把握的好，小伙伴们来看看这部剧吧,噜啦啦噜啦啦555158
390,这部剧细节取胜，已经安利同事,拾晨雨
391,眼泪真的忍不住，希望导演编剧继续给力,白井 泪子
392,看进去以后停不下来了，爱了爱了,斩魂庭师
393,服化道没得说，主创团队真的辛苦了，谢谢你们,一生所爱赫萝
394,调情油归油但那是奶油，这个真不错,七曜贤者
395,镜头感很强，快点给我更新，等不及啦,伍晚晴
396,感觉这部剧的风格挺大胆的，神仙剧,软在你眼里er3t
397,喜欢女主人设，挖了新坑了啊哈哈哈,揪你小辫子4354r
398,看了一集之后根本停不下来，可看性较强,粉色梳妆台23
399,这剧意外不错啊，不能错过的好剧,抱住Clear_
400,觉得全员演技在线，一整个爱住,柚柚很甜43r3
401,剧情不错逻辑通顺，不枉我等了这么久,苒苒很软43rt4ef
402,剧情不错逻辑通顺，追定了,请把我的小熊还给我e23r2
403,很期待的一部剧，这剧刷新了我的观影最高分,蜗牛也放屁_w_
404,非常喜欢里面的剧情，目前不错，再接再厉,一只小甜幼221
405,导演也太会拍了吧，可以追的剧,啾一口软脸324e
406,重点是服化道非常加分，故事立意高！完美,我可是你的小宝贝r3
407,期待了超级久的一部剧，总之，好剧就应该要力荐,你和小熊都归我32r3
408,剧情不错逻辑通顺，各方面都很有质感的一部剧,习惯被你宠2rfe
409,带着妈妈一起看，拍的挺好的呀,抓住酸奶a12 2e
410,挺好的一部电影，太有内个味道了,萌男怪兽呦i23
411,导演编剧换一个我就不看了，继续追剧,粉色制冷器4221
412,很期待的一部剧，节奏明晰，值得一看。,少女愿望机32r4
413,编剧很厉害，这才是应该上热搜的好剧,私奔到月球_0_
414,我挺看好这种形式的，被朋友安利的，感谢朋友,天要逆吾
415,台词有趣又有深度，这几年国产剧越来越好了,脸让猫挠了342
416,主人公表演自然到位，我要叫同事们都来看,唔啦嘿呀嗯哼232
417,画面极美赏心悦目，期待后面的剧情,冰你没商量_0_
418,节奏很紧凑画面很舒适，值得追,四个伴郎
419,挺有质感的，决定继续追下去,甜得刚刚好_
420,演技也很在线，是好看的没错,黄濑凉太太口服液ww
421,每个人都让人又爱又恨，不枉我等了这么久,嘴角的樱桃汁3re2
422,布景什么的也还可以，这会员开的不亏,桃色愿望44e23
423,看的时候情绪都被带动起来了，值得一看,森先生╭
424,叙事风格新颖，会继续保持追剧的,不在乎╭
425,编剧写的剧情人物有血有肉，给我锁死啊,咬樱唇_
426,主人公表演自然到位，太有内个味道了,诱拐猫仆322
427,画面滤镜都很真实，看的太爽了,招牌甜心3re
428,难得不用快进的剧，真的特别棒,遥是我媳妇_
429,难得快节奏的剧，决定继续追下去,荣耀与低谷
430,音效视效都很棒，完全无尿点。,蓝莓硬糖3r
431,超乎我的想象，不够看不够看啊,动执
432,节奏很紧凑画面很舒适，被朋友安利的，感谢朋友,帅呆啦_
433,故事有条理，今年看过的最好的电视剧,甜野猫4
434,女主演技自然，不能错过的好剧,可乐味雪碧4r
435,叙事风格新颖，我觉得挺好看的呀,你在哪里遥
436,每个人都让人又爱又恨，今年看过的最好的电视剧,牛奶煮雪糕4r4
437,舍不得快进，第一次看就被吸引了,没有良心的孩纸_w
438,真的很正能量呢，我觉得还是很不错的,眼底藏着星43t4
439,赞美剧组工作人员，不能错过的好剧,聒喃43t
440,这剧情太感人了，迫不及待看下去！,喜欢骑自行车的褚师寄柔
441,看得我热泪盈眶，已经推荐给朋友了,伏枕43r
442,比想象中好，可以追的剧,Slave_奴隶
443,洗澡的时候随便点的这个剧，这无疑是今年最好的剧,静于虚妄
444,导演真的很会调教演员，关注这么久，终于出了,男人的dota秀
445,台词有趣又有深度，被朋友安利的，感谢朋友,蝉嘶43
446,真的好喜欢这部剧，节奏明晰，值得一看。,仿制CD目录
447,群像演技都十分精彩，这个剧我看着还行啊,妗瑾43t
448,这阵容还有谁，关注这么久，终于出了,谈fool
449,挺不错的，各方面都很有质感的一部剧,岸邮43t43
450,又土又上头 要素过多，已经推荐给朋友了,骨川43t43
451,已经期待了好久呀，很有味道,且共43t
452,最近能看的剧也不多了，我太满足了！！！,濯缨t43t
453,出乎意料的好看，一句话概括，“越来越有趣了,讴吟232
454,国产难得做这个题材，这个真不错,拘月_333
455,眼泪真的忍不住，完全无尿点。,拂蛾yh56
456,我可真的太喜欢这个剧的架构了，值得一看,潋潋434t
457,挺有质感的，追剧人狂喜,肾宝味道好极了_w
458,演绎精当故事精彩，好想求加更,请缨23
459,挺有质感的，看着真不错,驿别_232
460,剧情非常清晰明了，都好赞！,失眠急诊室
461,编剧写的剧情人物有血有肉，已经推荐给朋友了,祖传不正常基因
462,这部剧细节取胜，看的太爽了,坞舟_233
463,演员的台词功底抓住了我，已经安利同事,横县王乔音
464,最近很不错的一部剧，总之，好剧就应该要力荐,体育课上嚼炫迈_w
465,节奏很紧凑画面很舒适，已经拉着朋友一起看啦,一曼阿
466,看下来逻辑清晰，演员可！画面可！,话太烫口
467,重要情节一点都没落下，五星满分太棒了,中路傲娇帝5
468,真的好爱这种爽剧，这会员开的不亏,认怂一百年
469,这个人设太带感了，比大片电影好看多了,早暮_
470,场景真实高度还原，有电影大片的质感了,耳朵好烦
471,拍的特别真实，希望不要烂尾,人生目的论
472,好久没有看过这么带感的剧了，期待后续,像个loco
473,画面让人很舒服，真的值得看,用户3b042966
474,演员演技很不错，要认真看剧了,跳腋
475,赞美剧组工作人员，故事好棒蛮期待后续,词不片倚
476,演技也很在线，五星满分太棒了,辞话_
477,还挺精彩的，要认真看剧了,有人模仿我的脸_ww
478,剧情写的太有意思了，期待后面的发展，先马克,绝黛_
479,主角演技在线，真的值得看,横戈34r
480,这画面这质感这演员这情节太绝了，看了还想看,远岫dfw3
481,这部剧细节取胜，故事立意高！完美,追逐‖GAME
482,画面我很喜欢，期待着哦,生绡43r23
483,很期待的一部剧，被朋友推荐来看没亏,云幔r2r2
484,剧情非常清晰明了，值得慢慢品味,阅世4r3
485,演员阵容强大都是妥妥的演技派，要认真看剧了,西窗43r2
486,演员都很在线，有电影大片的质感了,轻宛_23
487,内容也不拖拉，小伙伴们来看看这部剧吧,阿渣_223
488,服化道没得说，期待着哦,莪在春天种下一個老婆
489,群像演技都十分精彩，根本停不下来,比你还萌_33
490,看得津津有味，一句话概括，“越来越有趣了,少女收发室_233
491,节奏紧凑没有一点拖沓，感觉越到后面越好看,鹿耳甜心_33
492,终于不用剧荒了，一系列剧情和细节都很好,耳朵超软_233
493,今天看了几集感觉还不错，一整个爱住,湫远_23
494,眼睛发酸眼泪都要出来了，最期待的片终于出了,椿慵_33
495,朋友推荐来看的，这无疑是今年最好的剧,超甜Feel_
496,这剧太可了，五星满分太棒了,甜味信息素_233
497,很好看的一部电视剧，这几年国产剧越来越好了,萌酱_小可爱_ε
498,题材内容非常吸睛，值得追,幼稚园杀手_233
499,人物都各有特色，为了看这个充了会员,俺媳妇说俺长得帅_2_
500,女主好美啊，希望继续保持质感水平,攒一筐愿望__
501,喜欢男主人设，比大片电影好看多了,我喂自己袋盐_w_
502,闺蜜一直和我说这部剧好看，追完先,感情泛濫的小孩_
503,剧情真的特别棒，希望导演编剧继续给力,专属粉色系_
504,主角配角都非常不错，演员和编导继续保持水准,神啊_赐个妞吧
505,节奏很紧凑画面很舒适，不枉我等了这么久,黑羊_卵ww
506,多线并进剧情松弛有度，期待着哦,跟太阳捉迷藏_3
507,这个人设太带感了，很有味道,巧克力慕斯_3
508,剧情很好看，这个剧我看着还行啊,进击的学渣_3_
509,场景真实高度还原，追定了,甜入你心底_
510,这部剧细节取胜，期待编剧和导演后续发挥,考试就是哪里不会考哪里ww
511,质量确实还不错，很有味道,咬一口冰淇淋_
512,已经期待了好久呀，我就是为了这个冲了会员,不卖萌_纯笑容
513,比想象中好，这会员开的不亏,三岁统治地球_
514,演绎精当故事精彩，好希望一次更新完,被窝是我初恋_
515,画面让人很舒服，给我锁死啊,乖_不起来
516,画面让人很舒服，期待剧情发展,脑袋发芽了_33
517,这剧我最近真的太喜欢看了，最期待的片终于出了,甜的尴尬_33
518,终于不用剧荒了，这会员开的不亏,揣一袋快乐_33
519,国产难得做这个题材，主演神仙阵容加持,风格豆腐干223
520,适合全年龄段观众。，每个人的演技都那么还原,集齐一箱_纯露
521,这剧太搞了吧.，很符合我的预期,zheng经货
522,剧情不错逻辑通顺，第一次看就被吸引了,草莓_添加剂
523,这剧我最近真的太喜欢看了，强烈推荐,浅了个九_33
524,每个重要的点都演的很细节，又找到追剧的感觉了,想要个抱抱_33
525,看下来逻辑清晰，是好看的没错,攒一屋的巧克力_33
526,这个题材我还挺吃的，感觉越到后面越好看,甜出服务区_33
527,紧张感有搞笑的地方也有，故事立意高！完美,想吃月亮了
528,随手点开，竟然一口气追了最新，值得一看,梅干菜煮汤
529,期待接下来的剧情，不能错过的好剧,抓到一只小可爱41 q
530,女主演技自然，我觉得还是很不错的,耳根软得很r12
531,台词有趣又有深度，一整个爱住,韭菜酱果
532,镜头感加剧情都挺好的， 爱奇艺也是好眼光,到海里浪
533,人物设计合理，希望导演编剧继续给力,西野加奈143t
534,演技可圈点，真的超级期待这部剧了,噜啦啦噜啦啦555158
535,用心拍的剧大家都看的见。，我觉得挺好看的呀,拾晨雨
536,重要情节一点都没落下，很有味道,白井 泪子
537,演员跟角色也太贴合了，这样品质的剧太难得了,斩魂庭师
538,看得我热泪盈眶，感谢编剧大大，感谢导演,一生所爱赫萝
539,现在是我爸妈看得比我起劲，追追看,伍晚晴
540,洗澡的时候随便点的这个剧，很符合我的预期,闭上眼装傻2_
541,节奏很紧凑画面很舒适，爱了爱了,希洛梦
542,认可度还是很高，追剧人狂喜,揪你小辫子4354r
543,音效视效都很棒，这也太好看了吧,陪我住进冰箱可好_2_
544,我挺看好这种形式的，这才是应该上热搜的好剧,抱住Clear_
545,像微电影一样节奏感太好了，质感画风都很好,星期八我娶你_w_
546,让人满满的感动 ​，我觉得挺好看的呀,柚柚很甜43r3
547,真的很正能量呢，快点给我更新，等不及啦,苒苒很软43rt4ef
548,看了完全停不下来，耐心一些，会有惊喜的。,请把我的小熊还给我e23r2
549,最近很不错的一部剧，越追越上头,蜗牛也放屁_w_
550,剧情也特别真实接地气，超出预期~,软出新天际232e
551,超级赞超级感人，值得慢慢品味,她叫姜甜甜43e
552,选角很不错，满分五星，我想打六星,一只小甜幼221
553,男主也不是包子，爽了，这会员开的不亏,啾一口软脸324e
554,好喜欢这种刺激的剧情，完全被故事线路吸引,我可是你的小宝贝r3
555,整体剧的质感和演员表现都很好，看着真不错,你和小熊都归我32r3
556,布景什么的也还可以，不够看不够看啊,习惯被你宠2rfe
557,用心拍的剧大家都看的见。，小伙伴们来看看这部剧吧,我在魔仙堡玩泥巴32tr23
558,最近能看的剧也不多了，比大片电影好看多了,抓住酸奶a12 2e
559,内容也不拖拉，看完又要等了,萌男怪兽呦i23
560,布景什么的也还可以，完全被故事线路吸引,粉色制冷器4221
561,从主演到小配角演技都很不错，可以追的剧,少女愿望机32r4
562,不想保姆身份大有来头，第一次看就被吸引了,私奔到月球_0_
563,期待好久了，主创团队真的辛苦了，谢谢你们,突然变乖eq
564,认定选角很合适，挺好看的,做个吃货有何不可biu
565,画面很好了，谢谢你们所有人给我们一部好剧,特技是稻草人r13qr5
566,没想到这部剧的质感这么好，目前不错，再接再厉,天要逆吾
567,期待接下来的剧情，挺好看的,唔啦嘿呀嗯哼232
568,感觉这部剧的风格挺大胆的，完全猜不透剧情发展,冰你没商量_0_
569,导演的运镜太棒啦，迫不及待看下去！,巴拉拉能量作业消失_
570,有种熟人演戏的尴尬[捂脸笑][捂脸笑][捂脸笑][捂脸笑][捂脸笑],艺名。
571,来看看一博的剧[色][色],_85
572,好好经营婚姻，好好善待婚姻，婚姻一辈子不容易，一定要学会包容，学会珍惜！婚姻要想顺利，得到一个美好的婚姻，就是好好对待婚姻，不破坏别人的婚姻，多护生，多帮助善待他人，多施，多发布一些正能量的有关婚姻方面的内容！对待婚姻忠贞不二，对待伴侣不离不弃！不宣传一些不堪色彩的内容！要有正能量，有道德修养，对人要真诚！不能伤害别人的感情，最重要的是要有慈悲心，善待身边的每一个人，每一件事，多帮助别人，把好的东西多分享给别人！这样婚姻才能慢慢幸福，好运才能慢慢降临！,安诚宁和一仁清慈
573,期待女主后面回来复仇,小汐小汐可爱兮兮
574,种地来的[呲牙],嘟嘟肚嘟笃都 
575,终于等到你也太好看了。,小辣椒1999🎊
576,真的是好好看呢，颜值都在线。,一点不懂123
577,把失去的都会拿回来，霸气呀。[大拇指],一点不懂123
578,简直太好看了，我挺喜欢,远方的瓢虫
579,喜欢这样子复仇的剧情，很好看。,一点不懂123
580,简直太上头了吧？我喜欢,远方的瓢虫
581,女主复仇很高能，剧情很爽,一点不懂123
582,豪门恩怨，两人感情又甜又虐,青了个橙吖
583,这个评论是想告诉大家，一定要看完，太上头了,王槱槱半修仙呢
584,哈哈哈哈哈我笑死了,无糖碎冰冰
585,啦啦啦啦。来支持一搏啦,易烊千玺的心尖尖
586,哈哈哈哈哈哈哈哈哈哈哈哈哈赵一博,蓝色兔子🤗
587,这女主妆容是自己画的吗[应援][应援][应援][应援]双眼皮贴好出戏，哈哈哈😂,皮皮虾biubiubiubiu666
588,哈哈哈哈，入不了戏[捂脸笑][捂脸笑][捂脸笑],YQY1111😆
589,你说你不迷茫谁迷茫,徐徐之姜
590,种地小哥翻身当霸总，前妻翻身成名模，这波666,非烟遇飞烟
591,华东麦王的霸道总裁，哈哈,肖潘达和他的坚果儿
592,就喜欢看这种让人上头的剧[爱心],大美啦啦噜啦
593,我天我会被笑死的,li安桉
594,这个剧，是真的好上头啊,高级技工💫
595,哈哈啊哈哈感觉之后女主腹黑,飞飞阿啊💪
596,有个把我气的想吐血的林有有,懒懒de小花
597,哈哈哈哈哈哈哈哈哈种地的一博演的短剧吗[捂脸笑][捂脸笑][捂脸笑]哈哈哈哈哈哈哈哈哈哈哈哈,909867😍
598,我真惊了[捂脸笑][捂脸笑][捂脸笑],为什么改不了昵称啊啊啊
599,我先笑，啾咪,rEaNneeee
600,看看赵一博啦,追个剧就走
601,哈哈哈哈哈哈哈哈哈哈哈哈我来啦,WEIM0403
602,云轻轻？云弯弯？云尖尖？我没记错吧,等 风起🌈
603,啾咪哈哈哈哈哈哈,啵啵kyx。
604,好了我走了，,酒醒了没有啊
605,我不知道我坚持几秒钟,酒醒了没有啊
606,为啥呀赵一博为啥[捂脸笑],凉草🎪
607,哈哈哈，赵啾咪,꧁☞掉了颗兔牙☜꧂
608,老实说我来看啾咪的,阿呆啦
609,笑死我了哈哈哈 赵揪咪,JoneAnDong
610,表示一次性看完了[捂脸笑],i l  u
611,哈哈哈哈哈哈赵一博,匿名用户
612,哈哈哈哈哈哈哈哈赵一博,匿名用户
613,哈哈哈哈哈看赵秘书,李渔渔渔渔渔渔
614,救命好好笑,树瑰
615,霸道总裁一博,别再惊动小鹿㋛
616,一博一博,王鹤棣的小媳妇儿🤟
617,哎哟哎哟哎哟，赵总[666],凤凤2022🍂
618,哈哈，来看赵霸总,苏小轼123
619,来瞅一眼zeb,喜欢喝粥de司徒蔚星
620,笑死了 又土又爱看[色]公主👸,十六lamb
621,来看啾咪了,星星点灯.✌
622,刘海放上去和有刘海完全是两个人，种地小哥逆袭翻身成为霸道总裁哈哈哈哈哈,乌托邦的孩子🌈
623,先进来笑哈哈哈哈哈哈哈哈哈哈,公子浅芒
624,推荐推荐[色],小啊梨
625,哈哈哈哈哈，来看霸总赵啾咪,小王子有个晴天
626,哈哈哈哈哈特意来看看哈哈哈哈哈,小朋友🍀☀
627,哈哈哈哈来看一博,开心的小猪🍀
628,：笑死我了哈哈哈哈哈哈哈哈哈,星星沒我耀眼.🤗
629,[捂脸笑][捂脸笑][捂脸笑]哈哈哈哈,呼呼噜♥
630,哈哈，这儿演霸总呢[捂脸笑],心ོ源ꦿ℘゜
631,啾咪，我来看你了[捂脸笑][捂脸笑],南风👑7044
632,啾咪！.妈妈来看看你哈哈哈哈哈哈哈哈哈哈哈哈,翔仔麻辣辣
633,好看，爱看,匿名用户
634,哈哈哈哈,匿名用户
635,博子啊 妈妈来了[色],匿名用户
636,啾咪啾咪,匿名用户
637,来咯，赵啾咪[应援],啦啦啦噜咯啦
638,一博演技还是太细嫩,匿名用户
639,全是霸总剧[捂脸笑],匿名用户
640,看见了啥？,瓜子香恰恰
641,为咱赵总举大旗！,匿名用户
642,华东麦王,采蘑菇的兰子C
643,来嘲笑赵一博哈哈哈哈哈哈哈哈哈哈哈,柠檬酸香橙甜
644,我也来看看赵啾咪,爱背单词の南荣运锋
645,王总哈哈哈哈哈,小奶熊的晴子雨
646,哈哈哈哈哈赵啾咪,cure0616
647,赵一博果真是霸总,边走边忘✌
648,哈哈哈哈看一博,恬子tian
649,因为种地吧来看,nola 🍀
650,看到车咚蚌埠住了,虾仁不眨眼189
651,好看，爱看[玫瑰花],刚打开化工厂
652,留个爪子,何小期
653,赵啾咪哈哈哈哈哈哈哈哈来围观,橙菜菜！
654,霸总有点上头[捂脸笑],一只小说迷
655,为啥啊，赵一博为啥啊,周周也喜欢周周呀
656,好抓马哈哈哈哈哈哈哈哈哈哈,为了崽子特地开的vip哭泣
657,前来围观啾咪变霸总,1111..++
658,来看啾咪,云朵儿aini
659,我来欣赏一下一博演技,耳双珍珍子
660,哈哈哈，笑发财了,野蛮生长哈哈哈嗝
661,我来了一博,匿名用户
662,红红火火恍恍惚惚,阿甘锅盔A
663,赵一博 你别太搞笑,匿名用户
664,男主怎么这么像陈冠希,我觉得你吧
665,来看种地的一博了[爱心],幸福哒吴小妞儿
666,居然要开会员。。。[666],屵LLI
667,支持支持支持[色][色][色][色][应援][应援][应援],爱读书追剧的女侠
668,哈哈哈哈哈,White －Black
669,这搁谁身上谁不迷茫啊 赵师傅以后一定会走花路的,匿名用户
670,哈哈哈哈哈哈我来看看,果果2026
671,哈哈哈哈哈哈看完这个看另一部哈哈哈哈哈,—-幸运星—-
672,意外发现，看看,😜李何子🔮
673,太尬了太尬了[捂脸笑][捂脸笑],下雨la😍
674,这剧情 救命！！！,匿名用户
675,已经开始笑了,Jalebibaby
676,有种看熟人演戏的尴尬[捂脸笑],用户90432e10
677,演得太假了,匿名用户
678,剧情紧凑，挺好看的[色],小花的瓜瓜
679,那么偶像剧的剧,【纪元】
680,演技很尴尬😅剧情还好[捂脸笑],疯狂的女友
681,哈哈哈哈哈一博居然是男主,匿名用户
682,太土了，看不下去了，溜了溜了,匿名用户
683,哈哈哈哈哈哈赵一博[捂脸笑]哈哈哈哈,every day爱自己
684,种地的那小伙子,爬墙头了
685,来啦来啦，支持导演作品,小云回回
686,小说改编的吧,兲嘡丶
687,回家的诱惑吗？[捂脸笑],匿名用户
688,不要字幕,匿名用户
689,当电影看太短,匿名用户
690,演员都很出色，好看,草莓_添加剂
691,看不够 想要第二部,dukobe
692,婆婆妈浮夸的演技，[捂脸笑],赖皮妹②
693,哈哈哈水军笑死我了[捂脸笑],不知道看什么(ﾟoﾟ;
694,下一站结婚,☁️云☁️云☁️☁️
695,渣男渣女,独一无二的镐镐
696,故事有条理，期待后续,阿渣_223
697,演员演技很不错，好看,超甜Feel_
698,让人满满的感动 ​，追定了,咬一口冰淇淋_
699,演员都很出色，好看,草莓_添加剂
700,本季度最爱剧集，追追看,星期八我娶你_w_
701,演技也很在线，爱了爱了,她叫姜甜甜43e
702,终于不用剧荒了，爱了爱了,等老牛
703,演员都很在线，很有味道,动感波波e23
704,人物设计合理，都好赞！,偷心贼_w_
705,好多实力派，期待着哦,_____萌面君ww
706,一边尴尬一边看。。。,-香辣鸡腿堡-
707,终于开播了，真的可以,怜慕_ew
708,好戏开始啦👍,dukobe
709,剧情紧凑环环相扣，追追看,雏禾_223
710,人物设计合理，追追看,甜猫储藏室_
711,还挺精彩的，追追看,枸杞红枣水
712,救命啊，尬不尬，不敢看哈哈哈,匿名用户
713,哈哈哈哈哈总裁，种地了,天问0323
714,一集这么短吗,匿名用户
715,第一集开头好drama[色],yueenl_is
716,种地的霸总[捂脸笑],阿金.jpg
717,这是第二部？,用户5d8db460
718,穿的睡衣，穿的高跟鞋,石畔🎡
719,啥玩意一集才12分钟,匿名用户
720,不认识男女主 ,仔( ˃̶̤́ ꒳ ˂̶̤̀ )仔🤪
721,好土的剧情,弗丽嘉💜
722,又是小短剧，看起来,小汐小汐可爱兮兮
723,开局就很精彩啊,小汐小汐可爱兮兮
724,演员颜值都挺不错的,小汐小汐可爱兮兮
725,这是晋江文学改编吗？,小汐小汐可爱兮兮
726,一口气全更？[应援],给你一颗维C
727,霸道总裁[爱心],匿名用户
728,复仇爽剧，我很爱。,小辣椒1999🎊
729,剧情又土又刺激,小辣椒1999🎊
730,怎么这么好看啊？喜欢,远方的瓢虫
731,看起来就对了，各位看起来,远方的瓢虫
732,话不多说，一口气炫完,远方的瓢虫
733,零食饮料备好 追剧了,dukobe
734,可惜了，孩子没了。,一点不懂123
735,感觉还挺好看的。,一点不懂123
736,这质感我爱了[666][666][666],青了个橙吖
737,我的电子榨菜,青了个橙吖
738,男主太帅了啊,青了个橙吖
739,我来了哥,圆圆狗
740,没看够啊 安安真可爱[爱心],dukobe
741,哈哈哈，来补作业[应援][应援][应援],yuyu55555！
742,好看好看好看,dukobe
743,真的是良心好剧 [爱心],dukobe
744,一博演反派肯定不错,虚心的斯普拉德林拉达娜萍
745,姜氏总裁六六六六,刺猬先森09
746,这戏码眼熟,刺猬先森09
747,开局就高能预警啊[爱心],DP😘
748,一博喜提好大儿,非烟遇飞烟
749,好看，真的不错呢[色],大美啦啦噜啦
750,可以，有看头,一只小靓猪蹄
751,真的霸道总裁啊，帅气[大拇指],大美啦啦噜啦
752,帅哥一博，喜欢你,匿名用户
753,真是惊心动魄啊。,匿名用户
754,真的好喜欢，期待[应援][应援],大美啦啦噜啦
755,现在都流行短剧了么。[疑问],匿名用户
756,这剧真的好上头啊,大美啦啦噜啦
757,又土又嗨,stanleylss33
758,真是又土又上头！,火火发发发
759,绿茶好不好撕,懒懒de小花
760,哇 哈哈哈 真不错 ,ᵕ̈ 
761,收视长虹[666],dukobe
762,终于等到你✌️,dukobe
763,就这个字：帅[色],」听
764,哇，来看赵一啦,yinwwar
765,终于等到播出了,乐乐杨💕
766,种地小哥秒变霸总？哈哈哈哈哈,Guava*
767,女主好美哈哈哈哈[爱心],橙宝宝哈哈
768,太好看了吧[色],匿名用户
769,我天哪哈哈哈,爱笑阿廖
770,不错，剧情很好,热爱影视111
771,一博总裁[应援],Znjd)(3sj/(＃?
772,这是玩的反向带球跑？,周小沫233
773,太好看了,Lee爱芳芳
774,一次性看全集，不错,我也不知道咋起名💘
775,来支持赵一博啦,虞姬芮❄
776,赵一博啊，你真的辛苦了,汀水岸芷
777,啾咪，是不是提前开始抠城堡？[呲牙][呲牙][呲牙],用户@e1832e0419040
778,赵啾咪，说话就说话，别动手啊,咕噜啾咪第一甜
779,赵一博快点大火！！！火到可以自己挑好剧本！！！,匿名用户
780,我的妈耶，赵一博你在干嘛呀,玺夙💯
781,救命  这是拍的是什么学生作业水平吗  太辣眼睛了吧,阿啾799
782,加油王一博,巨兔巨兔9528
783,为了赵一博来的有没有[应援][应援][应援],帅哥是渣男！
784,尴尬的我想通沟[捂脸笑],为种地而来——禾伙人
785,为啥呀赵一博 你为啥呀,YANSHUJUNN
786,赵一博为啥赵一博[捂脸笑][捂脸笑],楠叔不合法
787,来看看华东麦王的剧[色],用户@caa5a88418b00
788,为赵啾咪而来[应援][应援][应援][应援][应援][应援][应援][应援],Holdoumen-58号
789,为啥啊赵一博，赵一博为啥啊😂,哇大瓜嚓🍭
790,为了赵啾咪来的！！！,［潇湘］
791,赵秘，我来啦[呲牙],多睡点觉哇
792,种地吧少年过来的,用户921dd98d
793,来看赵秘书！,嘉伦的小可爱！
794,因为种地吧赵一博，看了这部剧,用户@ccc62fa418f00
795,我也没想到。追 种地吧 的周边追到了这哈哈哈,用户@d6d3872419080
796,看到一博进来的，绝了，好想笑,hying。🍓
797,都是看完种地吧 来看这个一ber  哈哈哈哈哈哈,用户8668f1840c800
798,理解但不支持，加油赵如火,用户6ce96838
799,赵啾咪 你让我怎么直视你,用户b27a34241b0c0
