,0,1
0,#长风渡剧评征集# 《长风渡》的生动，在于人物的血肉丰满，在于情感的饱满真挚，在于立意深邃与意境交融。前十五集在徉州的故事里，也是顾九思与柳玉茹最青涩懵懂的阶段，一路撒糖无忧无虑；待十六集后转战攸州，画风也从轻松甜蜜转为成熟与沉重，叙事主线也从几户高门大姓，转向天下百姓的忧与愁；最后在东都篇又会是更加精彩的家国大爱，顾九思带着初心，带着原则，带着正直，庇天下安宁，护她裙角不染尘。,白茫茫的乌姜🥥
1,#长风渡剧评征集#长风渡的核心是家国大义，百姓安康，顾九思和柳玉茹在环境变化下相互扶持共同成长，渐渐清晰自己的未来目标，为百姓为国家，真的很值得慢慢观看,There is your youth no regrets
2,#长风渡最打动你的角色#顾九思，我心中那个意气风发，心怀百姓，能为一城百姓独面几十万大军的少年，剧情很好，格局也挺大，男主从一个纨绔少年到一代名臣。,寄楠
3,宋轶不够漂亮，做女二还可以，做女主角有点太难带火电视剧,神级评论666
4,#长风渡剧评征集#长风渡，渡难，渡情，渡生死离别，剧中平白无故牺牲的人太多了，这不仅仅是小家情怀，更是家国大义，剧里顾九思和柳玉茹携手共进，无惧困难权势，更有那么多人愿意帮助他们，长风渡，渡的也是生活，柳玉茹慢慢接受了顾九思，我相信世人也会看清真相的！[色],ちAgoni
5,#长风渡剧评征集#这剧到现在所有大场面，他全都做的非常好，不管是自鞭，还是佯州打戏，到黑风寨，再到和梁王对峙，我真的可以说每一场他都演的非常好！前期顾九思跳脱可爱，他们非说那是白敬亭演什么都演自己，那中后期这些大场面大爆发大情绪呢？还说本色出演的话那真的是最高夸赞了。我开始期待他的朝堂戏了！[应援],宋松在
6,"本书迷最喜欢的就是玉茹的商业线。女子也可以有野心、有事业、为自己而活。甚至还心系百姓与社会，格局真的打开了！
很期待宋轶的柳玉茹，编剧千万不要魔改，继续搞事业！千万不要恋爱脑了",我是小西天的joe
7,二刷  走不出来了[色],wx9820
8,"#长风渡剧评征集#“你要写长风渡，就不能只写长风渡，你要写滚滚尘土的乱世下逝去的双亲、牺牲在你面前的兄弟、还有大敌当前第一次喝下的交杯酒，不是为了小家之乐，而是准备共赴黄泉的家国大义。”[流泪][流泪][流泪]
愿我如长风，渡君行万里！",和我产生共鳴🍓
9,本来看宣传不错才来看的，结果第一集就破防。东西被卖了，不找卖自己东西的人，反而去找花了真金白银买了东西的人？找也就算了，居然打算直接要回来，可真是好大的脸！恕我直言，但凡是正常人都不会喜欢上这样的女生吧！,墨温栗
10,怕虐的看过来！男女主真的不虐，妥妥双向奔赴，虐的是里面的家国情怀,Zjue-dr
11,可惜了这部电视剧的男主，这么帅没有配上好看又可爱又美丽的赵露思还有杨紫她们。,😊清清qq
12,宋轶真不适合演女主 ,小芒果 果
13,好尴尬啊…………好多反应完全都不属实。。。知道大娘病了以后，还能站在原地询问，正常人都是边走边说[捂脸笑]。。。。而且去要白狐裘这一段也是尴尬的不行，强行上情绪我的天。。。这个装扮还男生，，，[捂脸笑][捂脸笑][捂脸笑][捂脸笑]白敬亭的演技在里面唯一在点线。。。,自信的leo丶
14,"我是显眼包，让我来科普！
顾九思，字成珏（jue）。子曰，“君子有九思：视思明，听思聪，色思温，貌思恭，言思忠，事思敬，疑思问，忿思难，见得思义。”君子有九思，君子知仁德。",Daisy-飞宝
15,天呢，这是什么可爱纨绔！白敬亭请把红衣白裘焊在身上[色],梨宝0o0
16,"震撼哥的网课很有趣就是要写作业[捂脸笑]
枯叶蝶，我对你的未来寄予厚望[应援]",伊伊与尹尹
17,将天下人视作草芥视作棋子的人还能同情 死十回都不够,亭der🕊
18,现在看剧，先看演员，看剧情，看评论，最后再决定看或不看，有一样的嘛，举个小手看看吧！,翩然入君怀
19,追到34集后面全部不能看扫兴扫兴扫兴扫兴扫兴扫兴,酒家妹子🥰
20,#张睿空降翻牌评论区#小白和宋轶是真的吗？好喜欢他们两个[应援],稚夏✘🌼
21,这种电视剧也就哄哄那些啃老族,平淡一生的厨子
22,卧槽卧槽已经更了！！！！可是我晚上要上学[大哭][大哭][大哭][大哭],嘻嘻嘻嘻嘻嗯？
23,看了一圈 还是长风渡最好看呐,宛城爱吃花生豆
24,白敬亭不适合古装，形体没练，气质不行，神态体态都没有韵味,2311395081
25,如果换个女主角就好了,天空U蓝
26,#长风渡最打动你的角色#说打动嘛，还是柳玉茹啦。父母之命媒妁之言嫁给了顾九思已经是坏事了，顾九思又天天想着与她合离。她只想要一个家啊，在柳家受尽了折磨她只是需要一个爱她的郎君，希望结局不要be[呲牙][呲牙][呲牙][大拇指],ちAgoni
27,这部剧我看了两遍  挺好看的   顾九思有责任有担当 虽然他前面是个纨绔子弟 但他对柳玉茹的承诺并不是嘴上说说  而是用行动来证明  特别喜欢顾九思 从纨绔子弟到有责任担当保护家人  他已经长大了 我是边哭边看  真的是太虐了[流泪][流泪]  ,遥不可及46053289
28,周yeah什么时候当皇帝，支棱起来（姨妈笑）,伊伊与尹尹
29,不喜欢看,若安 ꪶꫀꪮ
30,原著党宣布白敬亭天选顾九思！谁懂，这个脸真的很贴！！,喵喵咪呀荷里活
31,看完走不出来了,故里有长安～*
32,#王瑞子空降翻牌#还不更新，只能二刷[爱心]翻我翻我,白轶补贴✨
33,"白敬亭：腼腆害羞内向社恐文静小男生[做鬼脸]
顾九思：我是个软骨头",语兰不打诳语
34,又来刷长风渡了,宋小白_
35,洛子商值得同情吗？不为百姓着想，还滥杀无辜。做了好多伤天害理的事情  反正不值得。,“浅夏✔”
36,顾家把财产丢了一半，捐了一半，还得罪了皇上，江家舅舅的吏部尚书也被贬职，老爹也没了！当初拒绝皇亲不就是怕皇家谋夺顾家家产吗？现在看来还不如和公主成亲了！,蜡笔小欣✨🎁
37,给渡宝最好的排面！！,然也从新出发_
38,如果女主是关晓彤就好了[微笑],粥粥TvT😳
39,玉茹这个丫鬟好看，导演选女主选的不好,鱼哥铁粉111
40,只有我一个人感觉宋轶旁边的待女也好看吗？,努比亚小牛
41,长风渡最吸引你的地方在于,蓝胖子周末不学习
42,有人看到这个片面吗，为什么我没看到这个，难道是错过很多[捂脸笑],不是你的就不要乱动
43,是双男主吗？,阿嘉～😄
44,好看么？剧荒,czced222
45,终于等到了！放出来的物料都被盘包浆了[大哭][大哭],赵曦今天瘦了没_
46,《长风渡》的生动，在于人物的血肉丰满，在于情感的饱满真挚，在于立意深邃与意境交融。前十五集在徉州的故事里，也是顾九思与柳玉茹最青涩懵懂的阶段，一路撒糖无忧无虑；待十六集后转战攸州，画风也从轻松甜蜜转为成熟与沉重，叙事主线也从几户高门大姓，转向天下百姓的忧与愁；最后在东都篇又会是更加精彩的家国大爱，顾九思带着初心，带着原则，带着正直，庇天下安宁，护她裙角不染尘。,别致的幸福💫
47,#你最想看的古偶剧情#好喜欢这几张图啊，咱们就是不愧是我等了五千年的剧。就是说主打一个见证爱情。,和我产生共鳴🍓
48,是洛子商，本来他可以拥有一个爱他的母亲，喜欢他的父亲，还有一众富贵的亲戚，可是他从小是私生子，外公把他扔掉，乞丐出身，亲生父亲明明知道是亲生儿子也没善待他，从下寄人篱下，步步为营，最后复仇对象还搞错了，直到死才知道亲爹是谁。[666],宋佳书
49,不懂就问，柳玉茹什么时候多了两个妹妹？柳玉照和柳玉映哪里冒出来的？,megaZ
50,有哪位兄弟姐妹可以接我一个会员的呀？,xnmxjsm
51,为什么没人看小孩的荣耀乒乓？那部真的很好看！励志！,WooNov7
52,我想知道？看到20级，就不给播放，上个星期，还能每天两级播放呢，又不欠费，为啥不给播放啊,九月榕果
53,#长风渡最打动你的角色#我觉得柳玉茹和顾九思都是，别人都说顾九思纨绔，只有玉茹说他聪明，他行，而且女主一直在挑战，挑战一切逆境。九思呢，一直有着先进思想，他引导女主找到自己的爱好，为自己而活，让她知道女子也能自在地活。两个人相互扶持，一起进步更让我动容[爱心],牛奶*-*
54,好看为什么热度那么低啊,雷fangyun芸
55,感觉看的没意思，很无聊[捂脸笑],不回你就是在睡觉
56,我第一次这么爱一个剧，已经三刷了，没跳过片头和片尾的，谁懂[捂脸笑][捂脸笑][捂脸笑],九思玉茹🌟
57,终于等到我渡平安顺产了！！,安安小酒拉
58,书粉一枚，看到长风渡的选角极为开心，简直太贴近角色，开播前十集也是非常好看，不负众望，每个角色和情节都很还原，从第十五集左右感觉到剧情开始变得平淡拖沓，坚持又看了三两集，甚至感到了无聊，无法再看下去直至最终弃剧了，直到现在也打不起精神把它看完，甚至连开头几集都不能回顾。客观的说，小说本身也有这个问题，开头精彩，中后部稍显平淡庸长人物性格不鲜明了，但还能读得下去。但电视剧的改编，不仅没有优化，反而有所加剧，后半段剧情散乱，为了追求宏大叙事反而使电视剧不伦不类，人物光彩也被磨没了。给个及格分吧，为了此剧最开始几集带来的的感动和快乐。,弗洛妮维雅
59,唉，冲着白敬亭来的，看了一会看不进去剧情一开始就不吸引人[捂脸笑][捂脸笑],海甜试幻想
60,看不下去啊,气质悠然
61,#长风渡最打动你的角色#喜欢顾九思，从这部小说中体现了他的成长之旅，从一开始的纨绔不羁到后来转为保家卫国，主动担责，小爱与大爱兼有之[应援][应援][应援][应援],不听话的泰迪熊
62,问下，这是哪个小说改编？,子非鱼🐟🌟
63,这种剧这么多评论，大概是流量吧,文质彬彬の伯纳蒂特波妮阿蒂
64,我喜欢玉茹女生也可以跑遍四方活成自己该有的样子不要为别人活人生是一样的有恶就有善比如你和你同学和你在同一个班他的成绩很好你的成绩很差因为路都是自己决定的                                                                                                                                                 丁,喜欢跳高的呼延雅隽
65,说好的江南富商呢？爹怎么一股子大碴子味儿哈哈哈，全都（二声）断了,赵九号
66,康姨母你咋这么弱了[捂脸笑],韩晶🙊
67,今天更新的27集真的封神了，看得我惊心动魄，太震撼了,丽照🌻
68,怎么演技都那么尴尬，搞得好难看下去,喜欢吃火腿的公乘灵松
69,愿得玉茹心，白首不相离[爱心][爱心],There is your youth no regrets
70,我所理解的长风渡，不仅仅是指徉州的长风渡口这个地名，也是顾九思与柳玉茹之间互相扶持，同舟共济的“愿我如长风，渡君万里”的真挚情感，更是像他们一样的热血青年为天下、为百姓渡平安、渡盛世的赤子之心！[大拇指],小蜡笔小哈哈哈
71,洛子商很坏，但不影响我喜欢刘学义,spirit^O^😀
72,不更新的第一天痛苦[捂脸笑],王健国本国
73,"看小说的时候真的被顾九思和柳玉茹的人设惊艳到！
一个从纨绔公子一步步成为当朝左相，一个从闺阁千金前进成为大夏第一富商。两个人相互扶持、相互成就，是成年人爱情最好的模样！
希望剧版不要辜负我！",多多爱吃三文鱼
74,不怎么喜欢这个女主角，看她表演好像在抖音的感觉。,28351609
75,我的三观不允许我看这片子,超级VIP中P之超P
76,这么多人说好看点进来了看不下去。,狗公腰【桥】
77,明显顾九思其实心里很通透，不知道是不是真的纨绔子弟，或许真的不学无术但至少他是懂人情世故的，他知道柳玉茹是故意不给他们机会叫破自己的身份，看出了其实这个女人不是毫无城府的。至少这里已经为后面他可能取得的成就做了铺垫。,器欢蹦乱跳
78,人家顾九思有啥错？,精粹哦will
79,看到婉之好像下线了，大哥你好好的，我求[大哭][大哭][大哭][大哭][大哭],伊伊与尹尹
80,感觉跟赘婿的剧情差不多[捂脸笑],何涛_qq2805
81,#长风渡最打动你的角色#顾九思是我最喜欢的男主，没有之一。太喜欢他的性格，由一个纨绔子弟，成长为一品大员，一生虽大起大落而初心不改，性格阳光而正直，为了爱人，亲人，兄弟，家国愿意牺牲一切，胸怀天下又满怀柔情，真的太可了！向全世界安利顾九思[色][色][色][色][应援][爱心],籽浴
82,不怕反派坏，就怕反派长得帅；三观跟着五官走。学义真的太帅了[色][色][色],Kiki 玉树林峰
83,世安哥哥，我看小说啦，你的姻缘在番外，好有意思的,七七吖95
84,看过小说，男女主不要太贴脸。不要太好磕[大拇指],浮留白
85,长风渡真的有很认真地塑造人物！而且大大前期的小甜饼和后期的权谋故事都写得非常流畅，真的真的很期待剧版！,耐滴巴罗齐龙飞
86,喜欢白敬亭对顾九思人物角色的细节处理，演出了最好的顾九思。,琵琶暗飞声
87,男的妆也太白了。。没有男子气概,温文尔雅的秋秋👍
88,不好看，尘缘好看好多,Anⅰtα
89,是长风渡原著粉，很想看原著里 九思家变故，九思垫后，玉茹去救他，然后小夫妻逃亡那段。。。感情就是这么一点点积攒起来的，同生共死,七七吖95
90,很好看超级好看就是这部剧直接爱上白敬亭看了他所有剧,雷fangyun芸
91,再不更新  就要弃坑了,路漫漫，其修远兮💝
92,怎么还不更新,瘦不到100斤不改名.💝
93,啊啊啊啊 来了来了 居然提前播了[色][色][色],你的盖盖😗-
94,渡难.渡情.渡生死离别.剧中平白无故牺牲的人太多了.这不仅仅是小家情怀，更是家国大义，剧里顾九思和柳玉茹携手共进.无惧困难权势，更有那么多人愿意帮助他们，长风渡，渡的也是生活，顾九思，我心中那个意气风发，心怀百姓，能为一城百姓独面几十万大军的少年，剧情很好，格局也挺大，男主从一个纨绔少年到一代名臣。[666][666][666],熬夜追剧不停歇🧁
95,刚刷这个剧友们好看吗,江挽甜
96,我有个疑惑，谁能帮我解答一下，冬天，下着鹅毛ban的大雪，手里拿着扇子是用来干啥的，是用来扇西北风的？,林사랑해子
97,淑芬很满意啊啊啊好还原！就是预告里面灵堂那一幕不会把男主的爹改成去世了吧？原著里面没死啊！虽然作者之前说过想写死但心软了,大师兄头顶的皇冠
98,真的好奇古代人为什么眼睛是有问题吧？档当个扇子就不认识他是谁了？,个性女王。
99,这是什么剧情，编剧是不是nz有问题啊，看了十分钟看不下去了，我在成衣店买了个衣服，然后被人找上门说是她的，她还没钱还让我把衣服还给她，我说送人了，她说我人品底下，这是正常人能想出来的剧情吗？？？,超爱吹口琴de公祖辰皓
100,演员，妆造，场景都挺好，但感觉好像这个我的三观被雷击，不知道是怎么，反正就是感觉这个剧情有点难看，女主的思路也挺无厘头的(不针对演员只是说角色本身),森沫！
101,#长风渡最打动你的角色#当然是三界霸主刘学义演的太傅洛子商[应援][应援][应援][应援]  面如冠玉 鼻若悬胆 剑眉星目  俊美不凡 唇红齿白 举世无双[666][666][大拇指][大拇指][大拇指][大拇指][色][色],商周美男伯邑考
102,"看完了赘婿在追这个电视剧 ，不知道怎么样？
",喜欢喝茶の东宫韶容
103,希望能够还原原著，洛子商和玉茹也很有感觉，人设很丰满的[色],A.L.W.A.
104,我不会说了我真的很喜欢你从初中开始的现在已经高一了在学校坚持不下去就会想想你 我也不会说啦就是希望你开心好好的[大哭][大哭][大哭][大哭]我真的很喜欢你,moon sleep&prime;
105,#长风渡最打动你的角色#顾九思是我最喜欢的男主。太喜欢他的性格，由一个纨绔子弟，成长为一品大员，一生虽大起大落而初心不改，性格阳光而正直，为了爱人，亲人，兄弟，家国愿意牺牲一切，胸怀天下又满怀柔情，真的太可了！向全世界安利顾九思！！！[应援][应援][应援],白米饭好吃fg
106,非常好看 看完忘不掉[大哭] 看第七遍了[色],永 恒^
107,剧情从第10集开始很拉垮，很多地方的剧情太拖沓了，想想后面还有非常巨多的剧情，一个电视剧就40集，前面10~12集就有很多地方拖剧情，后面剧情肯定会变得很仓促。,姜撞coffee
108,虽然但是我很想问顾九思到底为什么被女主骂，难道是因为在大庭广众之下问女主为什么喜欢叶世安吗？又或者说他自己买了一件狐裘，然后转手送给了别人？如果是因为第2个，可他后面不是要给女主补偿吗？没有看明白，谁给我解释一下？,墨行云
109,#长风渡最打动你的角色#当然是顾九思，最开始的纨绔子弟，经历乱世之后，一步步成长，一步一个脚印。成为了朝廷忠臣，保护了自己最重要最爱的人，并且和玉茹一生一世一双人，非常好的一个角色,Submerge.沦陷🎁
110,为啥一直背景音乐好难受啊,六指的佐佧
111,谁能告诉我为什么断更了呢？,甜   儿 
112,女主的亲妈真的出事了，能不能别下架，AI换脸别的女演员播啊[捂脸笑]她可不止这一部剧有参演，长知否、琅琊榜里都有她[捂脸笑],是喜欢的许半夏雷初夏
113,点赞我证明你们都在看长风渡[呲牙][呲牙],林起风止
114,男女主是这剧才在一起的吗,敏敏子～_～🍧
115,古代用的是飞科剃须刀吗两年又三年胡子都不长的吗,喜欢打台球de上官南琴
116,昨天少更了两集，今天的两集怎么也没有啊,坤坤鲍
117,#长风渡最打动你的角色#最喜欢看刘学义演的洛子商搞事业，原声台词超级赞，演技拿捏精准到位，就连哈着腰端茶杯都是戏，把权谋术阴阳怪气、抑扬顿挫驾驭的炉火纯青，期待洛子商后面更多精彩剧情！,一鸣惊人0906
118,追完剧去看小说，再来二刷，觉得改编得整体还不错，除了雪天初见改得有点逻辑不通，其实很多名场面改得不错，比如自鞭，守城，城墙吻[大拇指],肉夹馍凉皮配
119,白敬亭好适合演古代剧啊,馨❤2007
120,希望九思早点成长起来,😙😙佳昕怡🍡
121,来看顾九思啦,希白呐
122,为什么总觉白敬亭跟曾毅好像[捂脸笑],漂亮就上
123,小白的每一次出场都好牛逼呀[大拇指][大拇指][大拇指],肃静合集
124,"长风渡真的超级好看
在我看的过程中总是忍不住的哽咽 因爱 情 忠和义，和那些人为黎明百姓造出太平盛世而拼尽全力.长风渡真的值得大家去看[应援][应援][应援]",記註-夢.
125,有谁和我一样是来看白敬亭的，举小手吧！,奔跑在孤傲的路上😚😚
126,白敬亭请爱自己多一点,努力
127,柳小姐的丫鬟是谁,珠联璧合1204
128,有人推荐好的剧嘛？,摆摆老皮
129,"#长风渡最打动你的角色#顾九思➡️男德典范，送胭脂🈶，男女平权🈶，虽然我现在不喜欢你但你既然嫁给我了我就对你好，哭了就哄你给你糕点塞银票，累了就帮你卸凤冠脱鞋，喜欢什么就给你什么，想做什么就让你做什么，纨绔轻狂但是对老婆绝对没的说，更不要说我们九思还有个好麻麻，婆媳矛盾不存在的好嘛！
好想拿个大喇叭对现在的玉茹喊：我们94不比叶世安好多了嘛！不要伤心啦我的乖鹅媳。📣
",不想上早八…
130,看不来现在的年轻一代明星,人生一串多少钱⭐
131,这是个什么电视剧,。 the God father
132,为什么好几天不更新了,时间可以等吗
133,他俩现实中也是一对吗？,在自作孽不可活
134,我怎么找不到在那里评分,～喵喵～
135,开了个好头，吸引了大批观众，但越看越没花头。台词废话太多。演员真的在演戏，但好看的电视剧不会这样。,薄雾芸芸
136,女主的二妈在不经过女主同意下把女主的东西卖出去了，然后不知情买东西的男主把东西送出去了，女主就追着男主要，说没钱写欠条，把东西还回来，结果听说男主送人了，就直接骂无赖小人，什么逻辑？？？？,崛崛崛崛崛崛
137,期待已久的长风渡终于来了[应援][应援][应援],草莓啵啵哑
138,好看好看,tongtong童童
139,感谢演员白敬亭，是他让我相信顾九思真的存在,顾九思的小跟班
140,女主是谁，好美,简创国产剧（互关互赞）
141,#长风渡最打动你的角色#顾九思NO.1，虽是纨绔公子，但心是正的。[大拇指]从柳被欺负，他站出来保护她，打了别人也打了自己，可以看出来顾敢作敢当，英勇无畏，遇事沉着冷静，愿意舍己为人。[应援]从顾和柳的日常生活中可以看出他幽默风趣，尊重他人，机智聪慧，乐观积极，阳光开朗，有分寸感，很难不爱[色],胖韩子
142,二线演员太多了演员表都介绍不完,神级评论666
143,大概还有几集会开虐呀家人们，感觉到后面会很虐，书里家破人亡那段，我提前心理建设一下,刚回家加班吧毕竟哈哈哈哈
144,江南什么时候会下这么大的雪了？这种雪好像只有北方才会下吧，所以这个剧也太可笑了吧,超爱拉小提琴的长孙涵衍
145,#长风渡最打动你的角色#我真的每个角色都特别喜欢，我是先看到剧的路途再去看的小说，看完后就很期待电视剧上映，电视剧很好，各个角色我都很喜欢，每个人都很有家国情怀，不只是男女主的感情，配角的感情线我也非常喜欢，甚至多过男女主，男主他们之间的兄弟情也非常好看，这些觉得都让我觉得有血有肉，很喜欢沈明和叶韵这一对，希望电视剧最后也能把叶世安的cp拍出来[捂脸笑],北站青春
146,玉茹真的是大夏女强人[爱心],Kiki 玉树林峰
147,爱你爱你爱你顾九思，最喜欢你了[爱心][爱心][爱心],重要的不是我是谁
148,好无语啊，怎么把女主娘改死了，还有叶世安在原著里也没有回来送死，我记得他在扬州还是徐州救了主角的，怎么改成这样,美铝小培
149,长风渡的魅力点之一就是男女主的互相肯定 互相影响 互相扶持 有各自的成长线。是最好的一见茹顾呀,Sthel_
150,好好看啊，人物剧情服饰演技都无可挑剔！,混世魔王唯唯
151,请问各位，小说名叫什么呀？在哪里可以看？,聪妈～小厨大作
152,看了两分钟广告不容易啊！,♀一个人♀的世界
153,顾少爷一看就是乖乖宝，不太像纨绔啊~还是脸长的太清秀端正了，很难让人想到他是个酒色纨绔啊，就算穿着雪白狐对大红衣这种强对比色坐的不端不正又喝酒又赌钱看起来也好文雅守礼啊,蓝胖子周末不学习
154,二刷，红衣狐裘顾九思真好看[色][应援],仙女仙女请回答
155,不会又是老套路剧情吧,设置昵称——✔
156,该不会还有人没追长风渡吧 这么好看的剧 ,白了又bai🕊️
157,洛子商真的让我意难平,y流星也为你落下来了
158,这剧真心不错，刚开始抱着试试的心态看看，后来越看越好看，也很有意义，强烈推荐,爱K歌的颛孙英锐
159,越来越好看了，白敬亭太会演了,超爱ww钟钟
160,太好看了！！,夏日邮寄
161,#长风渡最打动你的角色#顾94吧，原著中他在外人看来是草包，是因为有父母的庇佑，可以任性。他向往自由，思想赶超现代人，这场婚姻，算是天赐良缘，他一个不羁的少年渐渐担起了家国大义的责任。玉茹也是理性的女子，她也将商业经营有道，最好的爱情莫过于像他们这样势均力敌。,庆忌4869
162,#长风渡剧评征集#最近很多新剧，每天更，我也每天追，但心中仍念着《长风渡》，实在是舍不得，我想念意气风发的顾九思，想念温柔绝美的柳玉茹，知道原著中她的形象是平平无奇的，但是她的性格品质，行为作风完全为我们塑造了一个伟大的女性形象，我也想念悠州F4拼撒热血的奋斗，合作，团结，想念大家一起为保国保民而无私奉献的种种回忆，这部《长风渡》是我们共同的回忆，再见，顾九思，再见，柳玉茹，再见，《长风渡》的各位英雄人士！弱弱的说一句，为什么评分才8.4，真心觉得应该要高出不少才是，加油,看星星的人Victoria
163,#长风渡最打动你的角色#谁懂！！！他真得是我心中的顾九思！！！！而且顾九思其实很善良[色][色],夜雨微澜☔️🎪
164,什么时候更新,✨ 🌺 Wendy ☀
165,哈哈哈哈哈哈 怎么回事！！阴差阳错竟然碰到这么早更新 还想说等时间到看看[呲牙][呲牙],壹箭穿心
166,好喜欢里面的剧情，上年龄了，就喜欢看这种撒糖不虐，干事业的。好喜欢白敬亭宠宋轶的样子。有情有义，不愿意的时候，娶了，也不动她，慢慢的有了感情，也没有，一直到彼此确认余生、补足了仪式，幸福的在一起。好男儿,空空仙草
167,超好看的一部剧，选角很贴原著主角！虽然剧情略有bug，但瑕不掩瑜。,哦好饿好饿好饿好饿好饿好饿好饿
168,断更了让我怎么活啊[大哭],玖柒不加糖
169,身为一个高中生，从赘婿开始认识宋轶老师，很喜欢宋老师[应援],吃货家族⛄
170,小说上顾老华本来没有死，但是电视剧里他死了。可怜的顾九思。,娅娅小公主Oly
171,假期快结束了才发现已经更怎么多集了 我明天早上还得去上学呢[微笑][大哭][大哭],-小狗不悲伤.🥀
172,秦婉之这就没了？原著可是太子妃啊[微笑],等幸运.
173,为什么没有按原著拍啊，男女主第一次见面应该是送胭脂啊[大哭][大哭],初见韵
174,他本不该叫洛子商，他本该叫江知仁，却因为一场大火，他失去了母亲，错把顾九思的父亲当成了自己的父亲，机关算尽，在死前才知道自己的父亲不是顾父，而是江河，最终与父亲一同死去.,考试官A
175,好看，好绝，这么好看的剧，一定要爆火[火],zzyuanRAiN.
176,跟诀子呼应了谁懂[大哭],虞木脑袋💤
177,嘿！！爱奇艺你不讲武德！！居然提前播啦！！哈哈哈哈哈！！！！！抢沙发咯~~~~~~[应援][应援][应援],.鷐
178,好好看，三刷了,用户6aa0ba69
179,这剧情感觉和田曦薇演的那部差不多,187****2412_m1961
180,顾九思顶顶好,这世界这么多人🐣
181,既然最终目的是当了换钱买药，有没有人解释一下为什么一定要狐裘？,纯粹玩农场
182,顾九思至纯至善,帅的没边边边了
183,什么你也喜欢小白？你也爱看长风渡？那可真是....泰裤辣[应援],弗清清清
184,"又是扯淡剧
",135****5922_m1583
185,不知道为啥不喜欢这个女主,平常心。。。有意思。。。
186,真的演技原来越好啦，你的努力有一天终会被人们看见[应援][应援][应援][应援][应援],时宜.⁴⁸¹³
187,这会不会是他俩的定情戏[色],逆光海110
188,顾九思想你了  来看看你,顾九思💥💥💥
189,#邓凯空降翻牌#这部剧真不错,炎枝⭐
190,要是换个男演员就完美了,爱驰柠萌的Naranja
191,刘学义多多演戏[应援],爱吃回锅肘子的苍穹🧀
192,头次白敬亭搭档田曦薇也好看,迷茫追@
193,看了20分钟，先不谈论剧情，雪景是真的好看，但是雪会不会多了点这雪好长时间都在下，还有就是没有好笑的点，小白很帅，宋轶也很漂亮，但是这女主演的为啥我看不下去了呢，女主演的赘婿和伪装者就很好看，不知道为啥这次演的我看不下去,若白i🌟
194,#张维娜空降翻牌#呜呜呜 没有VIP太痛苦了,等雨亭🌸
195,女主角不好看呀,2270509683
196,卖出去的东西还能要回？,"小鸡快跑
廾匸"
197,好爱顾九思啊，纨绔只是他的外表，纯善之心，赤子之心才是他的本体。白敬亭演的太好了，比我看书时想象的顾九思还要好，还要灵！,我天我在
198,就喜欢这摸不准时的,.辞.忧.
199,白敬亭古装还是不好看。。。和宋轶没有cp感,"十十十四,"
200,就喜欢 不准时 哈哈哈,只为见你一面
201,#你最想看的古偶剧情#想看男女主双强，他们在日后的相处中感情升温，相互成长，相互帮助，相互鼓励，然后修成正果的故事，期待顾九思和柳玉茹故事[应援]最后希望长风渡收视长虹，大爆[应援],🍍菠萝味的凤梨.
202,#张维娜空降翻牌#待会儿考完高数就来看维娜姐姐[应援],cecily0618
203,作为看过原著小说和白敬亭的粉丝我是真的很期待[色][色][色][色][色][应援],小彤丹丹.com
204,我就想知道丫鬟是谁演的，好眼熟，想不起来名字了[捂脸笑],眼前人是♥心上人
205,不太喜欢宋轶,喜欢追剧的我I
206,是鲜衣怒马的张扬少年郎，是清风霁月的翩翩君子，是救世济民的稳重官人，是皎皎如明月的顾九思。,财富自由ᴮᴬᴵ🕊️
207,看第一集真的很喜欢老太太啊 嫁给叶世安应该也很幸福,新时+
208,长风渡真的很好看啊，布景不错，主角的服装造型也美，剧情也不拖泥带水，非常看好[色][色][色],喜哥哥哥哥哥哥哥哥
209,女主太想让人弃剧了,照你周全
210,为什么我就不喜欢宋秩，有没有人和我一样，换个女主就好了,crown_qq1494
211,追剧日历呢,七月七七七
212,这个女的不合适女主，感觉像女主丫鬟一样个人觉得不喜勿喷,超爱吃红豆沙的叔仲梦山
213,"从开始看小说就觉得一定会改编成电视剧，作者整篇文的节奏、内容、画面设计都是按照荧幕呈现设计的。小说中人物对话不拖沓、框架大、信息量大，甚至连剧情起伏、悬念设计都明显有电视剧痕迹，我想这也是一些读者诟病作者剧情进展太快、升华密集、剧情尴尬的原因。
不过正是因为这样，更加期待改编成剧版之后的呈现。",天使雪儿er
214,真情侣就是不一样！[应援],你是大便啊 Smile
215,这女主第一集有点怪啊，首先衣服卖给人家了，人家想送人或者烧掉都是他自己的事，男主也是好心给你钱让你自己去买，你不领情就算了，你还出言侮辱人家？,你说我叫啥，我就叫啥
216,#长风渡最打动你的角色#太喜欢了，我最喜欢洛子商，也心疼他，不想他死[捂脸笑],牧野神
217,小说我都看了，好看，没有狗血女二[应援],猫厨🎐
218,又是一部霸榜的剧,⁰零零愛.
219,怎么偷偷上线，明明开了预约怎么没给提示[色][色],iua77
220,花里胡哨的剧,匿名用户
221,是不是喜剧？？？刚看完《花戎》心情很不好，如果这个是喜剧就看，还是虐剧就不要了，受不了。,匿名用户
222,原声台词真是太棒啦[大拇指]！喜欢这部剧所有的原声台词，非常贴合角色。希望下部剧也能听到您们的原声台词！[应援][应援][应援],肉骨茶˙
223,很好看啊，花戎真是看一半就弃剧了[呲牙],用户4a6c7277
224,宋轶这个开头真的好漂亮[应援][应援][应援],财富自由ᴮᴬᴵ🕊️
225,因为女主我不看了,小系阿耐
226,弃剧，弃剧。自从看了宋轶的风起长安，他的一句二爷，二爷，让我瞬间弃剧。从此不看他的剧。,果爱隔
227,#长风渡最打动你的角色#顾九思，他不能选择自己生在什么时代，但是他可以选择即使生在乱世，也要兼济天下。这样的人，不管在什么情况下都能，闯出自己的一番天地。,走进大自然，走进你
228,若有机会，愿你可以成为你想成为的人📣😎👍,赵姐丽颖💛许半夏
229,口型对不上,王欢欢3324
230,丫鬟太漂亮了，有点抢戏，我是女的都忍不住多看几眼,小草Suki
231,有一个像 庆余年里面的范若若 忘记名字了,匿名用户
232,#长风渡最打动你的角色#柳玉茹，超打动人的呀！霸总商人的人设，即使是一个女儿身，但是也不比任何一个男子差。在爱情面前有着属于自己的小女人气质。,夜晗小菇凉
233,宁安如梦，你看看，长风渡都上来了[捂脸笑],醉玲珑05
234,期待一下 真情侣的电视，值得期待[应援],匿名用户
235,起起落落，浮浮沉沉 。赤诚忠义善良是对顾九思最好的形容。期待在长风渡中遇见顾九思 [色][色][色],财富自由ᴮᴬᴵ🕊️
236,看不下去[呲牙],匿名用户
237,#你最想看的古偶剧情#播得好快呀，就是喜欢这么不准时[色][色],এ᭄LvemiOﻬএ᭄
238,虽然小白和宋轶是真CP，但是感觉卿卿题材更新颖，特别是卿卿里的女子群像，第一次女子间没有勾心斗角，大小老婆互相救赎，互相扶持搞事业，新颖！个人观点哈！,上古一一
239,什么？！这是最近才新出的吗[大哭]我以为很早之前就出了[大哭][大哭][大哭],縢褚楚
240,女主什么人设。人家正经花钱买衣服。上门讨要本是无礼  人家给钱还骂人家。你家里不是有需要钱买药的老母吗？,D、123
241,很喜欢开始的一片雪景，入画了一般，再配上童谣。很像玉茹和九思，安静的墨画中不失动态的俏皮。目前来说，整体上就像听一个老者，坐在火炉边，看着雪梅，讲着他那尘封的故事，时而会心一笑，时而唏嘘一声，时而潸然泪下。就安静地看着、听着，岁月静好。,向阳便步步生花
242,小白[应援][应援]    话说这沙溢，总感觉跳戏，希望沙哥少点综艺，多点影视作品[应援],符杦阿九
243,善良的顾九思[应援],去看春天吧
244,就喜欢这样的不准时[呲牙],兜里有梨子
245,顾九思 与君长渡,不加糖的白敬亭✨
246,请问怎么涨的热度[应援][应援][应援],Y墨小烟
247,因为她我都没看王一博那部剧……,＊夏末秋初～
248,听说这剧先婚后爱很好看,YACIV
249,在古代妾室可以这么对嫡女，可以上正堂，可以出席正式的正宴？！,YannisGe
250,#你最想看的古偶剧情#其实挺喜欢像剧里面那种从纨绔子弟慢慢回头的感觉，这种情节就会让人觉得很真实，也不是一开始就是立志向着远大的志向。有些时候真的特别舒服，毕竟也只是个小人物,余音绕梁梁
251,不是 这剧情没问题吗 我买的东西 我给谁不行啊？,baladdbala
252,谁懂啊半夜12点多才知道播了 大半夜在这追 明天7点还要起床,爱吃甜橙的澹台天材
253,说实话，我看不下去,海底fm
254,怎么热度还没干过花戎啊，不对劲,用户4a6c7277
255,好奇葩的开头！既然是卖出去的东西 能凭什么拿回来！难道不要钱？脑袋开洞了吧！,姑苏幕雪
256,[色]这个剧里面我都看到3个少年歌行的人了,小胖子的哈
257,宋轶换个人演就更火了,就没好听的名字☀
258,各位大佬热度怎么提高啊,所以不因为
259,终于有一个跟知否差不多的色调的剧了[捂脸笑][捂脸笑],辰辰辰辰辰辰辰辰辰辰啊
260,画质咋不清晰呢？是我手机的问题吗？看别的咋不这样呢,杨rty
261,是真情侣吗,时隙灵
262,老铁怎么这么好看我已经很久没有看过电视剧了[捂脸笑][捂脸笑][捂脸笑][捂脸笑][捂脸笑][捂脸笑][捂脸笑]任何一个人没有看过我真的会哭😭😭😭😭😭😭😭😭😭,甜甜的轩儿
263,宋轶能够通过表情、动作和语言，将角色的情感状态完美地展现出来，为了看这个充了会员,元素追寻艾礼富
264,看了一集，真的不错，书里精华拍出来了。三人组比小说更搞笑了，看见他们就想笑。没想到叶家老太太这段这么感动，古代女子的一生啊，不能做自己。剧里演员仪态都特别好。柳玉茹顾九思角色选对了[爱心],剧情演技服化道滤镜音乐
265,#邓凯空降翻牌#真搞笑哈哈哈哈[色],炎枝⭐
266,好还原原著，好喜欢，[色][应援],亿万星辰꧂不及你
267,本书粉好满意！！！！,–兮酱–
268,期待好久了，终于播了,爱打篮球の轩辕正德
269,怎么觉得声音有点问题，不知道是收音还是音轨出了问题,Mystery.K
270,怎么增加热度[应援],赤脚追梦！
271,#你最想看的古偶剧情#就喜欢看这种，先婚后爱，在磨合中产生感情，两个人互相扶持，互相成长，互相帮助最后修成正果的感情[应援][应援],宝藏乔治🐷
272,#长风渡最打动你的角色#当然是男主顾九思了，和柳玉茹真的是绝配。,奔跑在孤傲的路上😚😚
273,看过小说如果不大改的话剧情真的很好,一一一...？
274,呜呜呜，为什么又是反派啊，我的宝[大哭][大哭],kiss僅你有
275,#你最想看的古偶剧情#特别喜欢古偶剧里面共同成长的剧情，谁也不是拖后腿的那一方，谁也不是依附在对方身上的鸢尾花。顾九思和玉茹给人的感觉就是这一种,喜欢你🌸我也好🌸甜🌸
276,这部电视剧，不怎么火🔥。不怎么好看。,ℳঞᩚ深爱➹成伤꧔ꦿ᭄🎀
277,心中藏有鸿鹄，热血涌动守护。浮沉的时局中，肩负责任，坚定信仰。且看顾九思长风相伴渡万里，一展宏图！,财富自由ᴮᴬᴵ🕊️
278,"如果可以，谁不想最好人啊，是吧，洛子商
真的意难平",橘然。🍧
279,这是赤王又回归了[应援],一夏吃完
280,作为原著粉真的必须来看，这个剧组很听劝爱死了,久念℡🏝
281,#长风渡最打动你的角色#洛子商吧。看到结局破防两次，好久没为小说哭了，两次都是因为江河和洛子商。他们的事就是一个死局，“君子有九思，君子知仁德”，洛子商到死，终于有自己的名字了，他叫“江知仁”。,左耳右东😃
282,早了二十分钟吗？可以呀，期待了好久的电视剧终于播了，愿我如长风，渡君行万里,一把专注磕糖的小梳子
283,看个电视广告120秒，,东宁_
284,来啦来啦[应援][应援][应援][应援][应援][应援][应援][应援]滤镜有点怪怪的,张小主
285,#长风渡最打动你的角色#顾九思是最能够打动我的，最初的顾九思只不过是一个纨绔子弟，而慢慢的成长起来。其实并不是他成长起来有多厉害，而是他一直都没有改变自己内心深处的那一份正直。不管经历什么事情，那股劲儿从未变过呀,彩虹の晴天💕💕💘
286,可以见得编剧和导演都是很有水平的，导演的画面绝美，不愧是实景，编辑将小说中有点部分情节变得更饱满，第一集直接交待了顾九思和柳玉茹的人设和背景，很多情节删繁就简并且填了原著很多坑使得逻辑自洽。再加上白敬亭和宋轶的演技很容易将人代入。我看小说是就在想这两人应该怎样演绎，白敬亭应该如何演绎顾九思的表面纨绔内心细腻，而宋轶又该如何演绎柳玉茹的表面是大家闺秀的矜持实则内心是小女孩。不过很幸运的是，他们都做到了，有被惊艳到[666][666][666][666][666]总之，期待这部剧很久了，终于看到了，很满意，非常满意。期待接下来顾九思与柳玉茹的故事，长风渡，冲冲冲。,pplpppppps
287,画面真的好美  不是粉丝都喜欢这部剧了,Monody 02
288,感觉挺符合原著的，真的很贴，喜欢喜欢,费费正忙着偷月亮呢
289,要是女主是黄日莹或者鞠婧祎就好了,超爱武术de王叔文成
290,#你最想看的古偶剧情#我喜欢古偶剧里面刚刚出场的剧情，虽然挺庸俗，但是真的很酷啊，他们之间的那种相遇，真的让人感觉到了很美好，还挺甜的,尘缘火火火火火
291,实在是没有好电视剧看了，看看这个如何吧！希望不要让我失望,ζั͡染ั͡子ั͡墨ั͡✾
292,我来磕真情侣啦,哗哗雨雨又一年
293,白敬亭真的演的好棒！！路转粉，好剧才是开会员续费的动力哈,有爱的L酱daz
294,狐裘是人家花钱买的，女主要钱也应该管卖了她狐裘得人要啊为啥管男主要,杀生丸爱麻辣烫
295,好早好早,甜蜜冲刺(手工糖果)王梅
296,原著粉很满意！超级好看，还原度很高，天选顾九思柳玉茹[爱心][爱心],Karoyee🧡
297,宋轶能够深刻地理解和刻画角色的内心世界，演技让每个观众折服,Bragi不搞不搞
298,演技没话说，真的很好。原著好看，广播剧也好听，这部剧也是真的好看。从开机等到现在，真不容易[捂脸笑],嫣嫣子-啊
299,顾九思 他真的是白月光一样的存在啊！始终不改的少年气，永如君子般皎洁不染尘埃！他是所有人的光，止住所有人的恶欲与仇恨！,A.轩丫头
300,有没有一种可能，我是说有没有一种可能。女性意识的崛起比本来就有的“天生”的本性更吸引人呢？我现在没有别的希望了，只求别个叶世安刘玉茹加感情戏。替……别给前期的顾九思洗白好吧？至少也不要在前面洗好吧！我是真的不懂国产剧是不是容不下成长系男女主了！？,未离寒
301,就喜欢爱奇艺这么不守时，我来了期待顾九思和柳玉茹[色],岛屿的鲸落
302,这部剧的妆造不错滴[应援],蓝味milk
303,#张维娜空降翻牌#维娜姐姐[应援],cecily0618
304,居然提前播了！！！！[色][色][色],福子.🎪
305,#邓凯空降翻牌#明朗gege怎么不见你的魏三小姐,^O^虞小萘＆℡
306,真的好好看，今晚可以更新6集吗[色][色][色],小情〆
307,是为白哥而来，等了一年了[捂脸笑],李薇不是李威
308,主要是不喜欢男主…还有古装戏别太白话文对白,风中摇曳的草🎐
309,支持白敬亭 真的很好看[应援][应援][应援][应援][色][色][色][色][色]太帅了家人们,爱吃牛奶布丁的小胖丁
310,不是和原著差的也太多了。。。,闻观
311,来啦来啦！！！刚看一个开头，感觉不错啊！！[应援][应援],ning0109
312,烙铁啊 谁懂 原著粉狂喜,韩秃子公主
313,长风渡可以处 提前播出!,花容柳老板的账本
314,对不起，我好像看到了什么,𝓝​𝓪ᰔᩚ𝓓𝓸𝓷𝓰
315,这剧后面不崩，指定爆了,Big丶李子
316,买了东西，想送给谁就送给谁，就是扔了也没有关系吧[捂脸笑],小珑珑😏
317,为啥第一集看不了,魄罗辣椒
318,这部的确不错  ，追更中～，前面那部花戎更新出来追到7集就追不下去了 ，,丫丫头大呀
319,开通会员还是标清[捂脸笑],喜欢跑步的王叔光誉哈哈(ಡωಡ)hi
320,看剧最讨厌讨论是否和原剧一模一样，个人认为只要剧情更合理，演员演技在线，和原剧是否百分比一样又有多少关系呢！一边看剧，一边和原剧比较，累不累啊。文学作品和演艺作品毕竟是不一样的，观剧最重要的还是演员的演技，剧组的服化道……动不动就什么原著粉，是想显摆你更有文化吗？还是有特别的爱好，就喜欢边看边挑刺儿。,血白哟
321,我不是原著粉，就看了几分钟，被编剧的逻辑震惊了，就感觉女主有病，男主出了钱买了东西，你说要就要，最后还因为给别人了男主想补偿反而被骂，厉害死你了,追剧girl😘
322,长风渡是怎么做到从选角，导演还有OST都让我这么喜欢的啊,不加糖爱举铁💯
323,宋轶的角色让人感到非常自然和真实，节奏好剧情紧凑不拖沓,用户3b0fb2c3
324,很喜欢女性视角 [色] 刘玉茹前期带入真的很能理解 太好哭了,啊彩未来都是彩色的
325,一口气看完了六集，现在我是这个世界上最孤单的人，不过真的好好看,冲鸭68
326,#张维娜空降翻牌#韵儿这把熟人剧[呲牙][呲牙]，好多合作过的演员再次合作，是不是很默契吖,张vina的蜡烛
327,我真的太太太激动了，好怕撤档直到现在播出了才敢欢呼，胚胎式追剧谁懂啊！尹涛导演选角绝了，上次这么期待还是锦衣之下,傲雪红梅_wx1674
328,家人们抢到前排了 好激动啊 期待好久了 一直在爱奇艺蹲着,陪你看日出、💯
329,赤王又出来作妖啦[应援],一夏吃完
330,那么快热度就破万了,玲。Jack
331,破万倒计时,山医迪丽热巴
332,养熟了再看[色][色],温心墨
333,大哥出现了,鞠芷柔🌟
334,以前对两位主演无感的，这下入坑了，太上头了[应援],无语😓。。。。
335,快点把第四的那个给超啦[应援][应援][应援],萝卜炖大萝卜
336,想看白敬亭，但女主太老了...个人观点，不喜勿喷！,于朵🍰
337,和卿卿日常有区别吗,yqsl😘
338,感觉和白敬亭那部什么卿卿有点像,狗不坏
339,请问追剧日历在哪里看,一闪一闪L舟舟
340,#长风渡最打动你的角色#最喜欢柳玉茹，原著中走出来的[色][色],superstargh
341,怎么感觉和卿卿日常有点相似,孤骑绕南疆、
342,所以他只是假纨绔，去花楼就他专心打牌,Wait[让我看看]
343,"卖出去的东西还想要回来吗？
",chi吃我最爱
344,所以一直抬高女性地位就必须踩男性？？,小板栗
345,顾九思真的真的太讨人喜欢了,不加糖的小刘
346,今天再冲一波热度家人们 我开口了 别搞我难看,这个账号叫嘛呢
347,天选顾九思和柳玉茹[应援]生活中也要长长久久喔[色],白不加糖也邢
348,自己拿钱买的，凭什么给你,UI开龙
349,制作用心，演员有演技，长风渡给我大火🔥[应援],Komorebi妮☀
350,顾九思柳玉茹人物设定很贴切,小昕昕9dd
351,周烨用鞭子打顾九思的时侯很能体现他的正气[应援],一夏吃完
352,为啥人都拉的又细又长的，像在看哈哈镜[咒骂],喜欢吃锅巴de宗政寻琴
353,宋轶的角色让人产生强烈的共鸣，内容满满，节奏快,本特利弗兰克克林
354,表白顾九思，二刷长风渡,顾九思的小跟班
355,这种剧还有人看吗？这种剧根本就看不下去吧,林逸京剧
356,这个更新时间真是醉了,姜海冬_qq1141
357,#你最想看的古偶剧情#柳玉茹幡然醒悟，不能将命运系之婚姻、系之他人，决定跟随顾母学习经商之道，真实、独立、精彩地实现自我价值。经过努力，柳玉茹在生意上逐渐得心应手，更在此过程中发现了顾九思至纯至善、炽热真诚的一面，两个人的心也越靠越近，共同谱写了一段盛世佳话。两个人先婚后爱，似乎都不是彼此的良配，但缘分使然，他们就是彼此的命中注定。,左耳右东😃
358,我主要是因为白敬亭才过来看的只不过我最近在看他和李微一演的那个卿卿日常,yuan.xing🧀
359,#长风渡剧评征集#这部剧感情线清晰明了，故事情节感人，人物描写生动形象。一见茹顾夫妇是一对欢喜冤家，二人有家国大义，捐万贯家产，仍能保持初心，从头来过，希望他们有个幸福美满的结局,～w麦基
360,#长风渡剧评征集#高颜值的男主，带人很快进入故事，柳如玉古代事业型女性，顾九思从顽固子弟转变成有上进心，爱国爱家的好男儿。值得观看。,喜欢嗑瓜子の慕容承志
361,可以刷很多遍的剧[爱心][爱心][爱心][爱心],开机键b
362,带着这张图走遍天下,一直发疯的狒狒
363,白敬亭你把顾九思演活了，无论是打戏还是纨绔子弟的演绎都非常棒，我爱看！,泉水丁冬_q
364,导演选角很成功，眼光独到，小白是天选顾九思，宋轶也是天选柳玉茹！！[爱心]爱了爱了[爱心]！！,香草味de小时光🍒
365,宋轶真的是从书中走出的柳玉茹，在《长风渡》中把柳玉茹外柔内刚、带着点不屈倔强的特质演绎得太到位了！,琅酒璃扇*原神魈宝～～
366,#长风渡剧评征集#自6.18开播以来，只要有时间就会刷剧长风渡，这剧越看越好看，传递正确三观，演员们情绪表达准确，是部好剧[应援][应援],good白亭邢
367,白敬亭演技自然 共情力强 演活了顾九思 一时不知道是更爱白敬亭还是顾九思,昔鸟多一点
368,#长风渡最打动你的角色#顾九思柳玉茹都各自最喜欢！先婚后爱，阴差阳错，但又缘分天定，相互扶持，一路成长，各自成为更好的自己的同时也收获属于自己的成功和幸福，美好的生活莫过于此！,倾语话桃
369,洛子商真的好坏，但是我真的很难拒绝杀尽天下人只爱你的cp,A.L.W.A.
370,"这个第一集我就不理解，女主不是要卖了白狐裘给他娘买药吗，那男主买了狐裘然后给女主金子不是很合理吗，而且给的还多，她娘的药钱不就有着落了，
为啥非要把狐裘要回来再卖出去？？？",树影🤗
371,我是原著粉，现在是剧粉，剧版还原度还是挺高的，毕竟影视会有改动也是正常，高光基本都有，演员演技在线，很容易共鸣入戏，宋轶哭戏真嘚太棒了，天选柳玉茹，白敬亭演活了顾九思，总之很棒嘚一部剧,哈哈哈嘚笑
372,真的真的好看啊[爱心],王馨雨――
373,这是又一部卿卿日常吗？,李明亮1986
374,长风渡挺好看,renlin0099
375,一见茹顾！,渡人1号
376,白敬亭虽然是纨绔子弟，但是对柳玉茹特别的关心。,帅气的名💤
377,端午节了，你可以教我包粽子吗？我有点笨，做啥都容易露馅，喜欢你也是~🤞顾九思,白白捡漏ᕕ(ᐛ)ᕗ
378,有沙溢这片错不了[爱心],喜笑颜开的大叔
379,"#长风渡最打动你的角色#顾九思呀！
一个看似是纨绔子弟
但尊重女性，并且眼界开明，并不觉得男女有何不同，而在封建时代中，他就像小太阳☀️，而后面就是太阳的成长之路了，有些期待，但也有些不期待，因为成长的代价太大了(╥ω╥`)  
",夏沐的昕
380,人设和知否太像了。,水蓝&Rain
381,超级无敌爆炸好看,Zy、◎
382,前一秒还在二刷卿卿日常，下一秒就看到小白的新剧了[色][呲牙],江柊～😃
383,卖出去了还能去要回来  乔装好歹穿个男装 才开始5分钟就这么多bug  直接弃剧,黄千万🏝
384,玉茹身边的丫头有点面熟，好像演过少年歌行里面的那个小神医,之涵🎪
385,家人们谁懂啊，这绝对是今年我最满意的剧了，我的顾九思柳玉茹冲冲冲,balabala的清清子
386,剧的选角真的很喜欢，妆造要好看。白敬亭真的很适合顾九思。真的还原小说了[应援][666],锘******
387,刘玉茹讨人厌的角色一集都看不下去，男主帅我也忍不了[吐][吐][吐][吐][吐],亖妳
388,救命啊为什么这BGM声音那么大，好抢戏啊，感觉没法沉浸到剧情里,超可谷
389,宋轶能够通过自己的气场和表演技巧将角色演绎得栩栩如生，剧情娓娓道来的,美美子的美甲不美美
390,超级还原，剧情格局大，男女主也非常贴脸，演技也是杠杠[应援][应援],是慕晞慕晞丫
391,为什么这部剧跟白敬亭演的卿卿日常剧情差不多一样啊！都是先婚后爱啊啊啊爱了爱了[应援][应援][应援],@橙溪
392,九思爱看,顾九思的小跟班
393,古装剧千万不要看到科技脸啊，拜托拜托。科技脸出现古装剧里面太煞风景了，,晴昼揽星海
394,这个女主在家里过得这么难受，怎么认识这个叶如安怎么和叶家他妹妹成为好闺蜜的？,Ingrid39
395,感觉宋轶这部剧要火了，还是得靠他的男人才能带火她！[应援],(๑•́ ₃ •̀๑)。。。。
396,顾九思真是软骨头啊[色][色],唯爱BJT白鸽🕊️
397,终于等到了[应援],玖柒不加糖
398,就是好看，成长的代价太大,有点神奇👻
399,角色三观很正，眼界宽，格局大。,蹦迪中的童话
400,超级无敌好看，一部好剧，演技好，剧情好,zylxbb1314
401,家人们刚看完苍兰诀，又来看长风渡了家人们[捂脸笑][捂脸笑],誓言烂在回忆💟
402,[色]天选顾九思 想你的第三年,豚豚0411
403,顾九思 柳玉茹简直是天赐良缘[色][色][色],記註-夢.
404,"女主真的不好看,还没她的丫环好看",✿花er❀
405,真不喜欢,Esther·，
406,#张睿空降翻牌#这不是五阿哥嘛[色],Bety-小牧
407,他们真情侣吗？真的在一起了吗？也没官宣呀,你的男嘉宾～
408,谁有vip借我看一下可以吗？[捂脸笑]太想看了。奈何没钱,匿名用户
409,两人现实里真情侣 演的比较放得开,无威不至⭐
410,这是属于架空的朝代还是哪哪个朝代呀？,懒惰执行人
411,真的好上头[色][色]看了一集根本就停不下来了[色],ʚ篠ɞ.
412,挺好看，真情侣就是不一样,5習慣1
413,一个大家闺秀是不会在背后说别人的坏话的[捂脸笑],吕景贤 嘉宸铝单板
414,小说名叫什么啊？为什么搜不到,果豆子
415,#长风渡最打动你的角色##长风渡最打动你的角色#顾九思，不管是看原著还是看电视剧，都喜欢,小米粥和绵羊
416,丫鬟是哪个剧里的小神医？,馋嘴的小鱼怪
417,沙溢胡可，还两夫妻一起演上了,大道☯知行合一🌲
418,故事演员都很好，制作太差了，画面不好看,绝望的老腊肉
419,柳玉茹丫鬟是谁？想不起来是谁看着面熟,心灵手巧的左慈
420,#长风渡最打动你的角色##长风渡最打动你的角色#这一集感受到了柳玉茹的改变，当她说：“叫我少夫人”并踏出门槛那里，我不禁赞叹，好戏开始了，大女主要来了这一集我最喜欢的角色是柳玉茹，她作为被封建礼教束缚的女子，终不顾世人看法，挣脱牢笼，这不仅是她一人的成长，更是告诉天下女子要独立与自强，爱死啦而且顾九思也是超善良的，明明有挣脱的机会，终究是心软了，真是善良可爱的小孩特别夸一夸的是宋轶姐姐眼神的改变，从前面的灵动活泼到后面的坚忍，她真的超会,是奶糖吖⭐
421,原著里杨文昌死的时候我都要哭了,居里夫人二世_qq1468
422,他两个难道就是因为这部剧定的情？,tuotuo来去都是自由风
423,刘学义不会又是坏蛋吧[捂脸笑],151****0449_m1632
424,14集哭死我了，来第一集重刷平复一下,萤火虫XIXI
425,换个人演男主就更好了,du la du lu 魚.
426,沙溢媳妇跟自己演亲家真是会玩啊,葬星云从名字开始
427,顾九思柳玉茹双向奔赴灵魂伴侣！天作之合！,白日梦真下饭
428,[应援][应援][应援]第一次看到有这么良心的剧，超级喜欢,真希姐
429,这部剧的人物设定是我喜欢的，演技都在线[色],七月余晖655
430,白白说破万实现一个愿望，我先来！白白和轶轶官宣,MiJ-9
431,才播2天就破万了好厉害,Y可乐
432,白敬亭的古装真的封神，预感这部剧要火要爆,君临天下雪鲤冰过户DE
433,唯一一部片头片尾不跳过的剧[爱心][爱心] 真的很好看，画面做的也很好,F a l s e -
434,真的无法用语言形容这部剧的好看,匿名用户
435,不断跟行吗？男女主角能合体扫楼一次吗？[捂脸笑],夏夏1986✨
436,不会谁还现在充会员看剧吧？[阴险][阴险][阴险],林逸京剧
437,真的很好看，小白古装还是不错的[应援],江源希
438,2023.06.19首刷，虽不是白敬亭的粉但他的剧都挺好看,林army🌼
439,张睿说Steve，周烨，已上线[爱心]，，下雨天最适合看剧,Heyyou😘
440,沙溢演白敬亭的爸爸真的笑死我了[捂脸笑],li yao wen⁰⁹²³
441,白敬亭，你是会玩的，为什么让我忘不了你,不加糖BJT白🎋
442,又是挺三更四的剧，等他更新完再看[捂脸笑],小缦缦🌈
443,非常喜欢小说！希望剧版好看！！,小涵神ovo🍁
444,终于可以看啦！今晚眼都不咋一下看仔细哈哈哈[捂脸笑],.   梓烨
445,我第一次在山西太原万柏林看长风渡,爱车人💤
446,哇，提前了一丢丢，顾九思我来啦[色][色][色],不加糖的板栗💞
447,梁清玉？梁红玉？南宋抗金女名将，韩世忠的夫人！剧组有心了，都是巾帼女英雄，角色联动绝了！[666],天才发育路
448,真的很赞，挺期待他们两个二搭，希望可以二搭[呲牙]雪景绝了，导演是用心的[微笑][微笑]也从这部剧发现了小白的美 帅 总之这部剧给我的惊喜很多，一开始本以为不咋地，但是细看之后发现一整个爱住了[大拇指][大拇指][大拇指][色]期待导演可以出更多这样的好句带给观众更好的作品，谢谢[爱心],ℳ̶̶̶̶໌໌້ᮨ*꯭周翊然꧔
449,小白去爱你值得爱的人宋对爱情不忠对恩人的不感恩是个心狠手辣的圭女人她心中还有另外2男人❗❗白你应得之我命失之我辜的,君完美
450,一直被推送说跟知否相比，但是真的一对比，怕是被知否远远甩几条街！知否很细腻，厚重感也强！长风渡一看就是商业片,Zoey Zoey Zoey
451,#长风渡剧评征集#真的太好看了，无论是滤镜还是场景，都觉得是几十亿票房的电影，柳玉茹的精明能干，顾九思的上进心，看预告的时候就感觉很燃，家国大义。男女主我都很喜爱，期待后续剧情发展，真的希望出一个长风渡2[呲牙],魔魂😌Joshua
452,我看了两遍卿卿日常突然觉得你特帅特别是打劫匪的时候,yuan.xing🧀
453,长风渡的立意十分高 我喜欢并感动于长风渡的友情 爱情 亲情 家国情 十分好看[爱心][色][应援][大拇指],9494呀༽༦
454,"首先，男女主真的配一脸啊啊啊啊啊
其次虽然不是原著粉，不懂得编剧的一些改编在哪里，但是现在已有的剧情也很吸引我。在顾九思和柳玉茹的身上，不仅仅是他们之间的爱情与相互支持，更包含着家国情怀和天下大义。也没有一些狗血的设置。真的很爱喔[应援][应援][色][色]",晥群
455,顾九思和柳玉茹，起初两人心不甘情不愿，经历了重重磨难后，互相扶持。柔情蜜意中不失家国大义[爱心][爱心][爱心],蹦哒小刘ioi
456,欲买桂花同载酒，终不似，少年游。从前徉州城意气风发的少年郎，如今已能独当一面啦[爱心][爱心][爱心],蹦哒小刘ioi
457,这部剧啥都好，就是男主没有刚阳之气，不适合带兵打仗！,鼎晟源珠宝   刘学礼
458,非常好非常好很正义的一部剧没有追错人白敬亭看好你[大拇指][大拇指][大拇指],迪迦变身术
459,不管是剧，演员的演技，导演和工作人员都是顶顶好[大拇指][大拇指][大拇指][大拇指]最重要的是感谢爱奇艺这个平台给长风渡一个机会，才让我们看到了一个这么好的剧。[爱心][爱心][爱心][爱心]我们一起加油！[应援][应援][应援][应援],嵩白熙源
460,愿以此身血肉遮风挡雨，护她衣裙无衬，鬓角无霜。爱死了。,嵩白熙源
461,我觉得整部剧的剧情走向都很正能量，也是讲述了男女主的一种成长史，在家国大义面前绝不含糊，很有教育意义，每个角色都发挥着不可替代的作用，剧情也不拖沓很流畅，马上也要大结局了，尊嘟很不舍得[大哭][大哭][大哭]打算再看一遍,biiiiiven
462,"完全就是，许纯纯的茶花运：
1.女的之前命不好
2.男家富甲一方
3.不明不白结婚
4.女方经营奇才
5.夫家遇难
6..........",jzxdm
463,怪悲哀的，国人现在无聊到看这种偶像剧。设定水，剧情雷，单纯吸一帮追星族，舔他们的哥哥姐姐。[捂脸笑],武你一夜
464,看看这个如何哈哈,风未吹.
465,希望小白越来越好,yinXiaoyue
466,[应援][应援]九思帅气逼人啊,抓着小白的鞋就跑🌈
467,超级好看超级爱[色]虽然说这是一部爱情片，但我更想说这何尝又不是一部家国片呢？它包含着亲情，友情，爱情等等，这都是它成为一部好片的理由,喜欢喝果汁的烊
468,什么灰姑娘剧情,韩勋_qq1180
469,好看  强推  喜欢柳玉茹和顾九思双向奔赴的爱情 敬佩将士们战场上的视死如归精神 以及入仕者“安得广厦千万间 大庇天下寒士俱欢颜”的愿景,落叶别树飘零随
470,好久好久没有追剧了，因为小说来的，特意开了会员。看了快20集了感觉还不错，人物都比较贴合，没让书粉失望，加油吧,dhdjrbcjc
471,本来一个剧里人们的思维接近生活是正常现象，现在正常思维倒成了看点。[捂脸笑]可见现在影视剧有多么的神仙,卉Lucky
472,感谢白敬亭演活了顾九思前期的少年纨绔和后期的君子大义[泪][泪][泪]或动或静都是我心目中顶顶好的顾九思[抱一抱][抱一抱][抱一抱][/cp],陌尘不染
473,不止只有情爱，还有家国大義，情怀，很值得看的一部剧！,融入我心
474,近期热播剧都点开有看，长风渡是我本人觉得最好的一部电视剧。剧情新颖，演员优秀，整个故事构建的逻辑传递的正能量，都非常值得推荐！！[666][666],可爱多不可爱被占用了
475,[色]超好看，前期甜，后期家国大义，每个人都有自己的故事，演技在线，值得推荐的好剧[大拇指][大拇指][大拇指],长歌尽余生
476,"我顾九思，愿以此身血肉，遮风挡雨，护你衣裙无尘，鬓角无霜
愿我如长风，渡君行万里",白茶清轶
477,"你要看长风渡，要看少年的成长，看乱世的沉浮，看滚滚红尘下与爱人的相守，看望都F4为国为民的赤诚之心。
这是一部好作品，一部值得被更多人看到，值得你去品味剧情，服化道，布景，拍摄的作品。
最后，你要看到每一个选角的成功，长风渡没有明星，只有好演员。",左耳不茗
478,上一部一秒倍速没开盯帧看完的还是是庆余年，终于又有一部能认认真真看的剧了[色][色][色][色][色],酷儿 
479,很喜欢很喜欢，这部小说期待了很久，剧版的也是。人物很贴合，总之总之就是很喜欢很喜欢[色][色][色]。也喜欢白敬亭和宋轶,宁呈⭐
480,总感觉周烨遇到心怡女子后，他们的结局，感觉很虐，一种爱而不得的感觉,今天少吃一碗饭🤤🤤
481,为什么第五集开始要会员，后面12开始又不要会员，这样不是看不了了,呀有点冷
482,真的好喜欢男主在剧中的一些言论，你别总说女子该怎么样怎么样,璐璐璐啊0618
483,从路人的感官来看，男主女主都是普男普女的长相，只能看演技和剧情能不能支持我看下去了,gushan90
484,#长风渡最打动你的角色#最喜欢顾九思，虽是纨绔，但至纯至性。我愿他永远是扬州小霸王，也不愿他一夜成长。愿历尽千帆，归来仍是少年。安得广厦千万间，大庇天下寒士俱欢颜！[应援],克莱斯勒ddd
485,不懂，你家里人把你的东西卖了，你找买家要回来，不找卖掉的那个人？,1006300797
486,"断更期间来二刷啦
真的好喜欢长风渡男主女主的人设🆘🆘
家人们谁懂啊",gylli🐑
487,太好看了 最近三年看过的最好的剧 唯一的难受点就是更新太慢了[捂脸笑],坏姑凉家
488,愿我如长风渡君行万里！真正的双向成长双向奔赴，真的好看，谁看谁知道！,静雅歆yaya
489,《长风渡》值得，《长风渡》大火！！！,九思94玩儿
490,家国大义，大爱[色][色],lucky鹿❄️
491,红衣顾九思yyds 不谙世事 快乐的小公子顾九思历经变故成长为少年将军顾九思[色]谁能不爱,白敬亭的女友Q
492,玉茹的雪中斗笠影响实在太好看啦，一眼万年啊,182****8581_m1416
493,明明演员也有表情，可是为什么看起来就感觉是单纯的在念词呢，还没我们学校的舞台剧自然[捂脸笑],张口就要吃人的芬里尔
494,188 5157 2681，替我骂小三吧,不知道剧毒
495,#长风渡剧评征集#为了大国风范为渡余生，长风渡值得第一次开会员只为看这一部，各大情节都效果很好，值得拥有更好发展[应援][应援][应援],西西蜜米
496,演员的诠释也很到位不管是爱情还是家国都演绎的很精彩[应援],模范师范生
497,当然是顾九思了，他从一个纨绔子弟，历经各种磨难，生死悠关之时，仍然坚韧顽强，保家卫国，护一方百姓平安，是位有担当与责任心的英雄,～w麦基
498,"“长风度”剧播了，选角非常赞！
希望“重生之将门毒后”也能如此高质量的拍剧！",木母yy
499,男主长相，，劝退我,152****6600_m2549
500,今晚上七点大家一起看长风渡最新更新的两集，看长风少年们如何守望都，保家园，更有万众期待的城墙吻，世上顶顶好的顾九思和柳玉茹值得最好的[爱心][爱心][爱心][爱心][爱心],奶奶西撒丽
501,柳玉茹演戏好到位[应援],哈！。，
502,良心剧作，很精美,小白车儿
503,很期待的电影,清晨🍀阳光
504,当时看长风渡小说的时候总感觉开头有点不合理，怎么那么容易就结了呢，婆婆怎么那么好的不合理[笑哭R]但真的越看越香，完全停不下来，后面越来越精彩，故事内容 感情描写 格局立意 都越来越好，广播剧也听了，现在期待好久的电视剧终于来了，希望更新的快些。,爱喝红酒の闻人暄嫣
505,准备弃剧了，唉😔，等不了,浅吟秋风_qq1019
506,这个化妆师，跟宋轶有仇啊，本来挺好看的，化那么丑！,用户8bccac3d
507,大家闺秀 名门淑女 温婉贤惠 懂得礼数 冰清玉洁 似从画中走来 来时带起两袖清风 ,夜雨微澜☔️🎪
508,大家看这个电视剧，获得什么奖品了吗？，我获得一张签名照，是这个电视剧女主角的签名，大概三天后送到长沙[应援][应援][应援][应援][应援]我手气最佳,晴雅yyds520
509,长风渡真的很好看，男女主角都演的很好，配角也演的好，顾九思虽然纨绔是个很善良的人，反正我很喜欢看[应援][应援][应援][应援][应援][应援][应援][大拇指][大拇指][大拇指],快乐幸福每一天真好…
510,请问各位看官朋友，顾九思自鞭纯音乐名叫什么？,爱吃烧烤的公孙凡阳
511,男主颜值不够,1d3z6
512,本色好听,阿阿马六六
513,天赐良缘,一只小熊xyp
514,白敬亭他是把自己融入了人物，把角色融入了他的血肉啊！演的真好[大拇指],我天我在
515,停不下来 入坑了[大拇指][大拇指][大拇指],加油加油再加油Makayla
516,周烨说话好阴郁呀，听他说话好难受啊，哪有一点北方男子的豪迈 洒脱，文绉绉的没有一点将军的样子。,杏林青衫_雪
517,#长风渡最打动你的角色#我还不敢看，得等到快更新完那一周再追，怕断更的时间难挨，更怕不连贯播出看的时候太虐。[柠檬],在回忆里等你V
518,我爱顾九思 也爱白敬亭 白敬亭演活了顾九思 恣意潇洒的少年郎，自鞭和打戏更是精彩[应援],木易23🍓
519,很喜欢两位演员[呲牙][呲牙][呲牙],2001803197
520,没人和我一样觉得剧情很扯吗？开局还没了解清楚背景就强行感动，真是无语……,昊锟
521,啥剧情啊，离了个大谱，春寒料峭地扇个扇子，又是把观众当傻子的一部剧吗？,有天和你
522,家人们，真的巨好看(｡･ω･｡)ﾉ♡,浪漫至死不渝~♡
523,老六谁啊,幸福从这一刻开始223
524,什么时候更新,Emilysongmili
525,#长风渡最打动你的角色##长风渡最打动你的角色#我最喜欢的当然是顾九思，从开始的纨绔子弟，到经历乱世之后，一步步成长，一步一个脚印。最终成为了朝廷忠臣，不但保护了自己最重要最爱的人，还完成了保家卫国的大任，非常好的角色[大拇指],乐乐宝贝20071022
526,呜呜呜呜,你傻030
527,顾九思我的古言男主top，天下第一顶顶好，大爱长风渡[爱心][应援][应援],冬月初一晴
528,现在VIP观看分辨率都下降到480p了吗？变相涨价?国内不能给大家营造好的服务氛围吗？希望国内领头服务商以服务至上，造福万家，为万家谋福利为荣！,Guoxinji郭新纪
529,男主好帅😂,喜欢吃薯条的叔仲良俊
530,加更加更 求求了，我要看铁铁,归卿然
531,周生如故,丫头小宝～
532,小说名是什么,小雪薇薇86
533,这部剧从官宣选角开始我就期待了，一直等到播出一年多了，我的一见茹顾从书中走到了我眼前，开心之余又很感动，服化道剧情我都很满意，感谢导演感谢剧组也感谢演员们给大家呈现出这么精彩的一部作品[大拇指][大拇指],快乐相思子
534,没有弹幕嘛？,T•ong
535,太会演了太好看了！两位主演的演技顶顶的，仿佛顾九思和柳玉茹从书里走出来了[应援][应援],白昼昼昼15
536,意气风发少年郎好像要走，现在留下的是肩负重任的顾九思，好心疼,雾里白白崽
537,白敬亭天选顾九思，演技嘎嘎好，原声台词嘎嘎棒，纯情小狗谁能不爱,风汐_
538,要不是白敬亭我真懒得看女主怎么能比女配都难看[捂脸笑][捂脸笑],嘻嘻嘻嘻噶戈噶
539,#你最想看的古偶剧情#最喜欢的古装剧情是：才智过人的将军，遇到足智多谋的女主，懂他的不易，惜她的感情，陪他刀光剑影，陪她游山玩水。爱国爱家，双向奔赴的爱情。[爱心],爱92
540,今天为什么没更,伟伟伟伟伟伟先生
541,不止有少年意气，相濡以沫，更有家国大义，非常好看，今年最好看的古偶剧！！,风粥🍡
542,家人们太给力了,白敬亭宋轶小甜饼
543,宋铁演戏好看啊，人又温柔体贴，谁不喜欢呢，支持宋铁,嗯嗯〗
544,洛子商好好活着,晴天你好呀🍀
545,哭死在14集，这一夜顾九思失去了太多，我们再也没有了无忧无虑的打牌斗鸡策马奔腾的纨绔九思！,相看两不厌●-●·
546,顾九思真的好好人美心善 真的把这个角色演活了 太适合啦[应援],偷摘天上云        .
547,#长风渡最打动你的角色#当然是顾九思 虽然看着是纨绔子弟但是人好心善 放眼现在也是好男人！！而且他真的好帅呜呜呜[色][色],偷摘天上云        .
548,导演选角和拍摄的很好，角色每个演员演技都强，人设更是天花板，很喜欢这部剧。[大拇指][大拇指][大拇指],再见倾心😝
549,明显顾九至少这里已经为后面他可能取得的成就做了铺垫。,心海海💘
550,小白与宋轶真是天选九思和玉茹。男主人设天花板[爱心][爱心][爱心],再见倾心😝
551,这部剧当真是好看，角色人选和情节也很贴合原著，导演眼光很好[色][色],再见倾心😝
552,我是原著粉，原著真的好看。剧也拍的很不错，小白真的很顾九思[大拇指],yinseciyuki
553,雪景是真的吗？？,＇＇生如夏花。
554,丫鬟演员是谁,鹅鹅。曲项向天歌✨
555,小说叫什么呀[色],瑶瑶欲坠落
556,平时不爱追剧，看了小说就开始期待这部剧了，很喜欢宋轶演的柳玉茹，开了会员只为她[爱心][应援]果然没让我失望。每天等更新[大拇指],暮光Ama
557,最喜欢的就是玉茹的商业线。女子也可以有野心、有事业、为自己而活,月下醉8
558,这个玉茹丫鬟是谁呀,心灵手巧的左慈
559,叶家孙女是演过《古剑奇谭》吗，看着好像，怎么还这么年轻？,尘尘梦
560,剧情千篇一律，套路烂俗不堪，可惜了优秀的两个主角,颓废王爷
561,第一集柳玉茹说的是当了狐裘，后面还能赎回。卖了就彻底没了，而且是折价卖的，拿回来当了有余钱买药，剩下的钱还给顾九思，后面有钱了还能赎回来，然后给叶世安，这是柳玉茹亲手做的,爱吃的宅莉
562,"君子有九思，九思当为君子，愿你我都如顾九思，知世故而不世故，坚守正道，恪守本心。💙#白敬亭顾九思# bjt #白敬亭长风渡#
白敬亭越来越好吧💙

",哔哔哔哔⊙_⊙⊙_⊙
563,顾九思和柳玉茹给人的感觉就是一种互相扶持，不达到目的，决不罢休。,新城大海✨
564,大家觉得宋轶好看吗？为什么我觉得好难看啊，真不明白为什么她要做演员,超级爱吃甜食的钟离德馨
565,顾九思，天下无双顶顶好！,渡人1号
566,评论支持一下，真不错，在这部戏里面我觉得要比卿卿日常演得好一些,泪目🤞
567,真的太好看了[爱心]剧情合理不拖沓！服装道具背景唯美绝伦！人物形象丰满！演技炸裂！代入感很强！根本停不下来了！唯一缺点就是更新太慢等着难受😭,曾凤
568,卿卿日常，少年歌行，长风渡，还有祝卿好。。。成功是可以复制的,芈根烟
569,啊啊啊终于来了 好喜欢啊等了接近两个学期了[应援][应援][应援][应援]疯狂打call 94和玉茹欢喜冤家太好磕了,小鳥遊林
570,来磕真cp了,.花落知多少
571,九思真帅,Hola 娟娟
572,喜欢顾九思  在那个三妻四妾的年代做到了只爱一人只宠一人 支持妻子做自己闯出自己的事业 有着与那个年代不符的超前的思想 我爱这个男人 他不仅爱妻也爱他的国家他的兄弟 改朝换代他也一直坚守初心和他的使命 ,卡特汉姆h
573,还有一天[捂脸笑],九思玉茹🌟
574,我真的好喜欢这部剧，我早就看了小说，很喜欢原小说，当是就觉得这部小说得拍成电视剧，电视剧真的很还原，别的剧我都是倍速看的但只这部剧我用了正常速度，真的每一集都很喜欢，希望这部剧被更多的人见[爱心],柠栀越
575,#长风渡最打动你的角色#长风渡最打动你的角色#当然是顾九思，最开始的纨绔子弟，经历乱世之后，一步步成长，一步一个脚印。成为了朝廷忠臣，保护了自己最重要最爱的人，并且和玉茹一生一世一双人，非常好的一个角色,恋雪忆何？
576,"她陪他一起斗鸡，顾九思重伤昏迷醒来的第一件事就是去看玉茹是否安好，走
在大街上，顾九思一把搂住玉茹，此刻的玉茹都开心地笑了 #白敬亭 #宋轶",百香果Aaa~
577,顾九思的聪明、洞察力、迅速的反应能力和紧要关头的担当、对妻子爱护……在自鞭的情节里都表现出来了。白敬亭把顾九思身上的反差感演火了,琵琶暗飞声
578,我真的很希望长风渡能做成稍微偏一点正剧的画风,不加糖爱举铁💯
579,呜呜呜，好想看啊，可是看完这几集还得等，算了还是忍着一起看吧,忆如初^O^
580,[666][666][666]爱奇艺爱奇艺多出一点这种剧。太好看了，太好看了。嗯，白敬亭和宋轶爱你们，爱你们爱你们。,暖风不及你好
581,真的很佩服顾九思内深处的那一份正直，竟从未改变[爱心][爱心][爱心],兠兠㊒餹
582,白敬亭演绎了一个纨绔子弟是怎样慢慢成长起来的故事，很好看啊,好梦可可
583,狠狠的被这剧里宋轶的服化美到了，这部电视剧确实厉害，不狗血,李紫婷爱喝牛奶冰
584,顾九思正直勇敢，心地善良，一起看他如何从纨绔公子成长为一国栋梁,白敬亭也太行了
585,宋轶能够通过自己的表演将角色的心理变化和情感转折展现得非常自然和流畅，期待后续啊,新眼泪多门
586,剧第一天更新，我就追。第二天了，看完很寂寞！！给我加更，里面的剧情紧凑，吸引观众[应援][应援],hiaron
587,看了第一集给我的感觉是不一样的，和其他剧相比，这部剧包含了各个方面，剧情紧凑，没有一个片段是含糊的，白哥和宋轶好美，太好看了，没看的小伙伴快来看吧,阿巴斯文666
588,"”愿我如长风，渡君行万里“
这部剧让我的纸片人活了[大哭][大哭]",喜欢喝粥的仲长嘉珍
589,无论是哪个角色，宋轶都能够完美地驾驭，是用剖析人心来叙事,艾欧泽亚23号FF光呆
590,宋轶能够将角色的人性和情感呈现得非常复杂和多维，演员们的精彩演绎看得让人目不转睛,uopupupqPU皮
591,想把白敬亭摁着一直拍古装，角色演绎的很丰富,Squee与Spleen
592,宋轶能够通过微妙的眼神和动作展现出角色的情感变化，跟着老爸老妈看的,Slithice舍费
593,真的很喜欢顾九思这个人设，应为他从纨绔子弟慢慢的找到回头的感觉,杨骄傲💯
594,宋轶的角色让人产生强烈的共鸣，好剧才是开会员续费的动力哈,傻傻虎大战聪聪能
595,非常欣赏白敬亭对顾九思的演绎，整部剧现在看着还挺期待后续剧情的,啊泽妹喜欢养兔兔
596,我心中的古言天花板[大哭]最好的顾九思柳玉茹终于来了[色],Karoyee🧡
597,宋铁出新剧了，果断追之，从赘婿的甜到暗夜的酷，希望这剧也有好的表现,七分ヅ熟
598,互动甜而不腻大概就是说男女主吧，很符合我的预期,老赵你不是爱喝冰红茶
599,幸福就是要学会知足，不要多愁善感，不要总担心些有的没的。心大的人才容易幸福,凌灿灿的公举
600,来啦，之前听过广播剧，看到选角真的很符合我心中的男女主，我来啦,他似月光白
601,我说真的 刚打开后我还以为我在看卿卿日常呢 画风真的有点像 我死去的记忆突然复活攻击了我一下,属于me的love
602,君子有九思，君子知仁德 。@白敬亭 愿君永如天上月，皎皎千古不染尘。顾九思，我们剧里见。,狐狸or兔子
603,剧情紧凑，太好看啦，轻松愉快的同时又很有深度，太喜欢啦！啊啊啊啊啊啊啊推给大家！所有人都来看！,白敬亭bjt圈外女友
604,长风渡真的很好看，后面的剧情越来越好看，白敬亭也是真的很用心在对待每一部戏，这部戏还专门争取了两首歌曲,RANLIYA.
605,看过原著，胚胎式追剧走来的，看前面顾九思和玉茹开心斗嘴，知道他们后期的成长，愈发喜欢前期的烂漫天真。,云云忽忽不加糖
606,第一眼看画面很美，没有矫揉造作，没有傻白甜，也没有那种只看一集就知道结尾的烂剧，很不错，娓娓道来的古装故事，继续观看！,圆月弯溪
607,#长风渡最打动你的角色#顾九思，从一开始的纨绔，一步步成长，有担当，胸怀大志。,七七。。⭐
608,感觉宋轶演这个不合适，古代未嫁女子都是十几岁的，宋轶三十多了，没有小姑娘的幼太稚嫩的感觉，年龄大了,黄楝树
609,开播前一直在想开头柳玉茹的梦拍不出来后续两人相见该怎么办 看了后我觉得改得其实还行 起码能把剧情连起来 所以没必要一直揪着这点不放啦[应援][应援],要逸颗柠檬糖
610,好喜欢顾九思啊，生于乱世的纨绔之子但有赤子之心[应援],爱劝架的刺客
611,本人书粉兼白鸽，真的会激动死的啊[色][色][色][色][色]，而且还原度很高啊，94真的很符合白哥的好吧[应援][应援][应援]看小说的时候就是想着我白哥的模型代入的[色],纯丽的远方
612,长风渡真的好好看 人设也很好 故事节奏紧凑 他们是最好的顾九思和柳玉茹[色][色][色][应援][应援][应援][应援],池の星
613,来了来了，只希望顾九思别把白敬亭放出来，偶尔放出来也不是不行[色],H陌阳H
614,顾九思 表面看来是一个纨绔子弟，但内心深处是一个心思单蠢的少年 保有少年热血之情,烟雨中的你～
615,能快点更新吗，不差钱[捂脸笑][捂脸笑][捂脸笑],九思玉茹🌟
616,顾九思真的好好！有家国大义也会尊重世间所有人！顾九思他人可好了！,怀亭56
617,#长风渡最打动你的角色#顾九思！！！由一个似懂非懂的纨绔子弟与刘玉茹步步携手为营，逐步成长为可以担当家国大任的人。这种成长感真的很发动人,一釉粒籽
618,演员演技看着舒服。在精美服化道还是要有演员的演技和剧本的加持。,184****5367_m1025
619,白敬亭的剧都喜欢，看着很开心[应援]里面都是老演员，演技派的，所以这个剧熬夜六集看完[666][666][666],一️個亽靜靜嘚
620,#张维娜空降翻牌#@演员张维娜 @鞠婧祎 我拍过一个自己的电影是个古代当皇帝的穿越剧[爱心],天天爱锤粉
621,"本人是原著党
但是电视剧真的写绝学的很好，很符合嗯小说角色人物。",颜栀ꦿ໊ོﻬ .
622,#你最想看的古偶剧情#顾九思真善良啊，本性纯良又努力的人谁不喜欢呢[爱心]如果我们也像古偶里的主角一样，虽有坎坷我也有逆袭，都有完美的大结局，多好,红泥xiao火炉
623,继余生请多指教后再为一部电视剧充了会员！值得[爱心],2342547505
624,真的很好看，两个人很配，男女主两个我都超级喜欢，现实版人品也很好宋轶我也喜欢，都没有绯闻的两个人[色],空白的心再也没有颜色c
625,"什么时候偷偷开播了[色]
正在追原著，男女主非常符合[大拇指]
导演会选角[666]",zhb二宝
626,真的超级好看，无论是角色，还是剧情设计，演绎到位，并且很搞笑，各种情节都被包含其中，好好看啊，还与生活紧密相连，他们的人生观价值观绝了[应援][应援][应援][应援][应援],道而远行
627,超喜欢白敬亭的，就是冲小白来看。谁让他这莫受欢迎呢，妥妥大男主[色][色][色],小柚子213
628,若逢新雪初霁，皓月当空，碧海潮生，上有流年笑掷过去，下有坦荡静看未来。从纨绔子弟到一代权臣，心怀天下，心念黎民，与顾九思 @白敬亭 一起，行君子之道，成国家大业。,𝗚●__●.𝗗    𝗕▲𝗜
629,乱世之中人心彷徨，多种思量力破乱局，一路成长热血难凉，并肩开辟新的天地。且看顾九思@白敬亭 ，驱黑暗斩荆棘，创造新的黎明。,𝗚●__●.𝗗    𝗕▲𝗜
630,周生如故后终于有一部让我觉得景色声音好听的了,qwertai
631,白敬亭饰演的顾九思形象很逼真 人设很完美，特别喜欢他浪子回头那感觉 纨绔子弟慢慢回头的感觉这情节让人真实， 又开心看的热血沸腾很喜欢这样的他[大拇指][大拇指][大拇指],河水东流
632,期待已久的剧终于上映了 白敬亭饰演的顾九思很生动 ,纯纯的爱186
633,顾九思这个角色很打动人。从一个纨绔子弟变慢慢成长起来，成长的路上吃了也不少苦头[大拇指],键盘侠166
634,这部小说看过剧情很精彩，白敬亭饰演顾九思很厉害，特别喜欢他这个角色发挥的淋漓尽致[大拇指],美好的河山9754
635,歌曲都很好听，片头片尾画面很美诶，剧里场景都很大气，雪景好漂亮！,小狐狸…🎪
636,大家好我是白敬亭女朋友白鸽们想对白敬亭女人我想说什么吗[爱心],小白小田⁹
637,爱情最美好的模样，莫过于两人相互扶持，相互成就，就比如说顾九思和杨玉茹这样子的,🐻🐻风🎀
638,"真得拍得很好，剧情都很有意思。
不枉等了那么久，非常满意[色][应援]",舟十yi
639,#长风渡最打动你的角色#最打动我的是顾九思呀～前期真的是不学无术，分明就是一个纨绔子弟，但是后来有了玉茹这个贤妻，家国情怀更多了一点。实乃君子一枚！,蔷薇落花意
640,#你最想看的古偶剧情#就是男女主共同进步，共同成长，然后联手搞事业～比较想看生活中的点点滴滴那种温暖细节,蔷薇落花意
641,突然想起了很久之间的网络传闻，果然虚假的传闻不可信,冬叶菊
642,我就知道总有一天会改编成电视剧的，喜欢的不得了,淡然6949
643,怎么感觉这个来通知的丫鬟身上的风衣比小姐身上的更好[捂脸笑],郭任
644,#长风渡最打动你的角色#最打动我的当然是天下第一顶顶好的顾九思啦[色]，英俊潇洒，风流倜傥，玉树临风，才思敏捷的顾九思谁不爱呐！[应援][应援],不加糖的乖丫头
645,"天呐‼️那个26号之后能不能不要上四休三啊，隔壁长月烬明就是这样塌了，爱奇艺冷静啊！！！！！
",英姿飒爽的鱼🍂
646,长风渡这本小说我已经看了五六遍了一开始就抱着追个古代甜文看 但看完感受到了家国大义让我感动 选的男女主角也是我喜欢了很久的很贴脸 [色][色][色][色]导演也很用心买了广播剧  我相信肯定会大火的[应援][应援][应援][微笑],lucku桃奈.
647,为什么配音这么这么奇怪，每个人的声音都好奇怪，是收音的原因吗？,Milia😝
648,为什么我感觉这些人的名字这么耳熟呢？好像在哪里看到过？就是想不起来了，有谁能告诉我吗？,雪花让月
649,谁的粉也不是，纯粹好奇来看看，被质感吸引住了[色][色][色]很有古代气息，背景音乐也很有烟火气[大拇指],HHI嘻嘻
650,我是来看真情侣的，但怎么感觉这剧好多抠图啊[捂脸笑],阵羽织蜜瓜
651,白敬亭宋轶俩人都是原音嘛台词功底都很不错诶,🌈祝你今天愉快
652,#张维娜空降翻牌#柳玉茹闺蜜叶韵真的羡慕了，上天欠我一个这样的闺蜜[色],08* 茹💨
653,#你最想看的古偶剧情#最想看的当然是你了，期待已久的长风渡终于上线了，我喜欢有甜有虐（主要是虐男主，我会心疼女主的[捂脸笑][捂脸笑]），结局是he的,瑶汐*^O^*
654,长风渡真的很还原小说场面！有很认真地塑造人物！而且大大前期的小甜饼和后期的权谋故事都写得非常流畅，白敬亭和宋轶都是很喜欢的演员！！真的真的很期待剧版！提前预祝长风渡大爆！！！,弗清清清
655,应该每天都保持连续更新两集！而这部电视剧又是每周四才更新 2 集！这样会跟云襄传一样造成断更、从而影响热度持续突破,小猛同志哥
656,啊呵，长风渡终于播出了我最喜欢一本小说，广播剧刚听完就上线了[色][色][色],爱吃苹果的小周周
657,"
长风行万里，君子有九思。视思明，听思聪，色思温，貌思恭，言思忠，事思敬，疑思问，忿思难，见得思义。乱世之中，同顾九思 @白敬亭 一同行进，共渡难关。 ​​​",good￥🧁
658,#张睿空降翻牌#周老板会帮顾家吗？,小咘唲
659,比偷偷藏不住好一万倍好不[应援][应援][应援],清新苏打
660,破万啦！！喜报！！！,巧克力吐司🍞.
661,快快快破万！！！！想听车车唱ost[色][色][色],请夏天吃饭.
662,热度即将破万[应援][应援][应援],卓卓淡雅
663,为了长风渡下了aqy[捂脸笑],对岸不见
664,渡子 快破万！[应援][应援][应援],虚拟熄灯号
665,渡宝快点破万,今天好好吃饭了吗🍭
666,家人们太好看了[色][色][应援][应援],迪士尼在逃保安-💤
667,家人们热度9700了[色][色][应援][应援],迪士尼在逃保安-💤
668,最喜欢玉茹妹妹啦,很长的一个歌
669,这个雪景太好看了,看一部剧吧
670,好看，今年难得好片之一,水梨贝贝
671,假纨绔真君子[爱心],Hermione.Lily
672,真的好看诶[色][色][色],巧缘~
673,英俊潇洒，风流倜傥[色][色][色],𝗚●__●.𝗗    𝗕▲𝗜
674,没得会员痛苦,肖露婕爱成毅唐周帅气公子英俊潇洒
675,我那不爱读书的夫君,敬请期待zhl
676,嚯嚯，让我来看看这对cp的剧[应援],岛屿呢
677,原著粉来了！！,Doko.
678,就喜欢这提前播的,语墨_
679,希望你能越来越好,胡了一天🤗
680,来了 顾九思 柳玉茹,离太阳最近的部落
681,太好看了吧[色][色][色],匿名用户
682,小白一路走来真的很不容易，曾经为了找工作睡过地铁站，也曾经因为遇到不尊重演员的剧组差点沮丧到退圈，时至今日也在遭受着无休止的造谣和网暴，但小白从没主动出来卖惨过，他只会跟粉丝说，希望大家看到他能够开心，他付出了很多很多努力才拥有了如今耀眼的成绩。希望大家明白小白也是独立的个体，有自己的事业。他的人生轨迹是这样的励志。他是白敬亭，不是谁的替代品，也不是其他人的附庸。在此向所有喜爱小白的各位安利《仅三天可见》,我天我在
683,顾九思我真的太爱了！！太完美了,每天乐一乐☀
684,女主的剧名是认真的吗  接受不了啊,娜/赵露思
685,准备看，这个电视剧好看吗,爱看书的公广访梦
686,白敬亭最近好像演了很多剧唉,yuan.xing🧀
687,不对，你不是最近演的卿卿日常吗！,yuan.xing🧀
688,好看吗？几年没有追过剧了，一直追动漫好几年[捂脸笑][捂脸笑][捂脸笑],♛       蛋蛋儿   🔥🌴
689,说着也不错，但有点沙雕[呲牙][拍手],qin@147
690,一看男主果断放弃，现在电视剧没法看。,洋(*^ω^*)洋
691,好久没看到这么好看的电视剧了[爱心][爱心],金牛座的天咯
692,很喜欢看 以前对白敬亭无感 现在非常喜欢,专心致志0776
693,后面几集剧情有点没必要,阳台晒太阳的狗
694,这个热度看着真让人可惜,木木南初
695,真的感觉是我整个暑假的下饭剧[色]喜欢💕真的天选[大拇指],伊伊与尹尹
696,真的很好看 真的很喜欢顶顶好的顾九思[色],Justina0219-0123
697,如果不是男女主CP早就弃剧，这个改编无法接受,钱鋆鋆
698,几年没追过剧的我表示，太喜欢了！[色][应援],崔珉娜
699,女主的娘，初看，莫名有点出戏[鼓掌],Vicky颜妈妈
700,在这部剧里，我看到了互相扶持的爱情，乱世下的家国大义，女性冲脱束缚的力量，封建皇权的掣肘，家庭和睦的重要性。每个角色都有血有肉，演技和颜值并存，我不是细节怪和逻辑大师，我反正觉得这部剧我很喜欢。剧情我给八分，加上粉丝滤镜我给满分💯[应援][应援][应援]。,久伴33i
701,刷第四遍了，立意很好，情感起伏大。[666],山东沃昇
702,这公主看着就让人难受,贺美丽🤗
703,顾九思天下第一顶顶好！白敬亭天下第一顶顶好！,喵苗淼妙mua
704,洛子商长的太帅了，希望多拍点戏,九儿115
705,评论区里乱七八糟，就说好看不好看吧，,吆石
706,太好看了，在哪里评分呀,喜欢吃荔枝の王叔雅楠
707,"终于要大结局！
进点儿好看的片子吧，拜托",酸酸甜甜就是我妈
708,女主一看就是在演戏，难入戏呀,酸酸甜甜就是我妈
709,本想看小白，但不喜欢宋，说话声音做作，不看。,匿名用户
710,这两个憨憨真的被打成国宝了[呲牙][呲牙][呲牙],失望得到希望的救赎
711,今年看过最好看的剧，没有之一,半夏º🐣
712,看到沙溢哥瞬间笑喷了,lueluelve🎪
713,#你最想看的古偶剧情#真的超级喜欢看《长风渡》,忆‰
714,长风渡真的没有让我失望[应援],愁语℡♡
715,迷雾剧场和恋恋剧场 我只看这两个频道的电视剧,VonHood
716,长风渡这部剧超出了以往的古偶限定，除了细水长流的爱情，还有不可磨灭的家国大义。里面的每一个人物都是如此的鲜活，真实，从这里可以感受到“仁义礼智信孝”，是真的不可多得的好剧！每一位演员都给予了最完美最真挚的演绎，每一位工作人员也辛苦完成的景、情制作，给我们带来了最好的长风渡！走出书里的长风渡！,不加糖也很甜的数山羊星星
717,"《长风渡》的播出离不开每个演员的付出和努力，白敬亭饰演的顾九思从刚开始的纨绔子弟到后来能够撑起家里的一片天，越来越有责任心，宋轶饰演的柳玉茹温柔聪慧、内心坚定，在顾家面临家破人亡时不离不弃……
《长风渡》不仅写出了爱情，还有当时背景下的爱国之情，《长风渡》值得，《长风渡》大火！！！",九思94玩儿
718,我觉得长风渡最好的1点在于柳玉茹用自己的前15年将自己打磨成未来夫君可能会喜欢的样子，而遇见顾九思之后，她才知道一个好的男人会让你知道你活着仅仅是为了你自己。于是她想让他平安喜乐，岁岁无忧；他想让她荣华富贵，安稳一生。一个是“愿我如长风  渡君行万里”，一个是“愿以此生血肉遮风挡雨，护她衣裙无尘，鬓角无霜。”,四叶草-峰峰🍀🍀🍀🍀
719,长风渡里没有勾心斗角的姐妹，没有相互猜忌的爱情，只有赌对了的柳玉茹，只有软饭硬吃的顾九思，只有肝胆相照的兄弟情，只有忠肝义胆的传承！顾九思自鞭的觉醒，一见茹顾穿越沙漠，顾知县和柳老板合力守城……每一次的名场面都是对泪腺的考验，不是只有养成系的爱情，还有在相濡以沫的感情里我们彼此都有更需要的做的事情和更远大的志向，为己为民为国，群像燃起来了，格局自然也就打开了！这部剧没有明星，只有角色本身！[色][色][色],奶奶西撒丽
720,越看越好看，嘿嘿嘿顾九思好可爱，真的天下第一顶顶好[应援],Vickybjt
721,非常的棒，好爱呀这个剧,媽奇哆
722,洛子商你怎么这么好看，你的爱情来了吗。😊😊,am小双
723,为啥丫鬟比女主好看啊,梦会醒、花会开
724,理解不了这种更新进度，都快忘了前面剧情了,会过去……
725,太喜欢女主了，还有这里面的女性角色，三观正，[大拇指],哈！。，
726,顾九思真的就是理想型[色],啵斯啦啦啦
727,选角完美，真的很好看，小白和车车很配呦！,戏中人  💔
728,希望柳玉茹不管在剧里剧外都能越来越好[应援],暖念夏
729,张睿，我真的哭死，看着他在dy解说来看的,苏紫沐
730,一大早又来看顾九思和柳玉茹了,-橘子味的晚霞–
731,"想给敬鸿轶瞥磕一个，感谢你们塑造的一见茹顾
",PG_18
732,铠甲勇士刑天女主，只能是说这些,sb941a
733,"我滴妈 为啥丫鬟比小姐好看。

",︻$▅▆▇◤_qq2853
734,好喜欢这部剧，景真的很好看[色][色][应援],你头上有一片青青草原！
735,顾九思一身红衣真的好帅,独立的girl呀-
736,哇哦好久没看古装片了,幸运之神快来临
737,顾九思鲜衣怒马高马尾少年[应援],匿名用户
738,"愿我如长风，渡君行万里
顾九思天下第一顶顶好[爱心]",林小熊yb
739,#长风渡剧评征集#”愿我如长风，渡君行万里“愿玉茹和九思永远幸福,犯困几何
740,丫鬟怎么一个比一个漂亮，都快赶上女主了[应援],_小飞飞_8023
741,车车一整个温婉住了，期待成亲之后的剧情,182****8581_m1416
742,等待更新的日子，今天从第1集，重新看[捂脸笑][捂脸笑],是lucky吖🎪
743,这电视剧，我一个三十几岁的大叔都喜欢看[捂脸笑],匿名用户
744,一不小看到了皇帝的阴谋  不知道能不能成,蓝珊瑚》
745,质感不错啊，公主？？？就是后面看上九思那个吗,喜欢吃火锅啊啊啊啊啊啊啊啊啊啊
746,好喜欢柳玉茹太贴了吧 温柔[色],薛小熊猫
747,真的很精彩 大家都来看[大哭][大哭][大哭],唉吸
748,又干掉了七八张餐巾纸[捂脸笑]救命，为什么这么好哭,拌片
749,真的不虐 两个人相爱从没怀疑过对方感情 ,南炙、
750,“你这幅画是送给我自己 我梁青玉的”呜呜呜,困困蛙蛙👏
751,太爱男女主她们两个了，,匿名用户
752,沙溢媳妇成反派专业户了[捂脸笑],匿名用户
753,真的很好看[色][色]好久没二刷的剧了,我家大大美丽
754,二刷二刷，每天不想干别的只想追剧,靳译肯.👏
755,#长风渡最打动你的角色#永远为最好的顾九思柳玉茹而感动[爱心],念娅
756,"才看一集，太好看啦！！！男主女主都很喜欢[应援]
",抱歉没用。
757,太好看了吧，怎么才40集不够看阿[捂脸笑],Sealed with a kiss☀
758,顾九思顶顶好 顾九思值得所有人喜欢,木易23🍓
759,江母嘴里不止一次念叨着念明了，这个念明是谁啊？,米开朗基罗！💯
760,看了20分钟不到，太扯淡了，弃剧了,爰吃鱼的夫夫夫
761,叶世安给你二十米大刀手刃落子商[捂脸笑][捂脸笑][捂脸笑][捂脸笑],白敬亭本亭✨
762,幸好小哭包柳玉茹遇到了至真至纯的顾九思.,記註-夢.
763,符合我心目中的顾九思[666][666],匿名用户
764,天选柳玉茹呀宝子 大女主,白敬亭九思爱车车
765,先说好哈 不满意我可不会嘴下留情,ahaaa🤙
766,怎么才能让热度达到11000呢[捂脸笑],阁阁啊啦啦
767,救命，断更这几天真的很无聊啊[大哭][大哭],雨总qc
768,俩人太有cp感了，真的太好看啦[爱心],霏霏霏儿
769,最近就等着长风渡更新,加油加油再加油Makayla
770,因为长风渡，粉上白宋夫妇[应援][应援],Ross　　ゝ
771,"说说看完这几集我的感受
小白和车车演技大爆发 白白突破了自己 哭戏太有感染力了 小细节处理的都特别好 天选顾九思！车车演技更是没话说 扣人心弦 感染力超强 台词超棒 细节超棒天选柳玉茹！
白白对自己的演员之路一直很谦虚很有规划 也一直在进步 挑选好的剧本带来好的角色。感觉他俩就是遇强则强 是势均力敌旗鼓相当的那种 两位演员辛苦啦 [大拇指][大拇指]
期待两位宝宝获大奖顶峰相见的那天[应援][应援]",草莓麦片粥
772,太好看了，要是每天都能看就好了,💞珍💞☪
773,是不是会有第二季？剧情走得完吗？[捂脸笑],Bettyleaf
774,剧情紧凑 但是女主好像比原著弱 ,亦南歌丶🎈
775,实在喜欢的颜值和剧情！[大拇指][大拇指][大拇指],wangzixiedan
776,太开心了[应援][应援]最喜欢的女主跟男主[应援],李知恩iio
777,顾九思挨了20个辫，就为了给媳妇换来一声道歉[爱心][色],委屈lyh
778,每集里面的哭戏太感人了太上头了[大哭][大哭],仙女的粉红
779,怎么又又又又是卖布的，宋铁铁和布过不去了[捂脸笑],呼啦圈也了不起
780,为什么不请吉吉国王来拍，没有灵魂 ？,雪XⅩⅩ
781,没成想球一样沙溢第一个露脸[捂脸笑],爱翻跟斗的小辣椒
782,明天就有顾思和玉茹的徽章啦[色][色][色],九思玉茹🌟
783,白敬亭进步真的好快，顾九思演活了[666],白可yinxintian
784,#你最想看的古偶剧情#期待了很久，今天终于准备要看了[应援][应援],DCHGOo
785,我是来看她们剧里剧外谈恋爱的,秋秋@苗苗
786,刘学业果然一直都是是热爱事业的男人[应援],孟婆来碗忘情水♂
787,#长风渡最打动你的角色#当然是九思了 性格好 待人好 长得好,韶华未负.
788,女一号要是换个就好了,爱K歌的尉迟静逸
789,嫁人当嫁顾九思，娶妻当娶柳玉茹。情深义重，互相成就,努力工作-天天开心^_^
790,很好看的一部剧，值得大家看[大拇指][大拇指][大拇指][大拇指],我的CP是真的~
791,太好看了叭快想快点更新呜呜呜,佩恩卖米记
792,随时都在一万以上的剧，简直太火了[色],泉泉青青宝宝不熬夜
793,美的嘞，天选顾九思和柳玉茹[色],岁半碎碎念
794,顾九思成长的代价太大了…哭😭,莫宁汐
795,喜欢宋铁，她人又温柔可亲,嗯嗯〗
796,宋铁在这部剧的古装扮相很好看，支持一下,嗯嗯〗
797,"好难得，终于有一部可以这样追的电视剧了

q[色][应援][应援]",廖  雨烟
798,九思，久思[亲亲][亲亲][亲亲]白敬亭的各种小表情真的太太太可爱啦,酸橘子666999
799,说实话，这个丫鬟比女主好看多了,喜欢吃梨de公孟映波！
800,剧情不拖拉，简直太好看了[应援][应援]就是难过，,一️個亽靜靜嘚
801,真的很好看，好久没有追电视剧了，这个追定了[应援][应援][应援][大拇指],香芋芋🐈
802,宋轶跟二郎也是陪一脸[应援],aa☀️群群
803,这样的顾九思，谁人不喜欢[爱心],小可🍓✨
804,虽然但是，文昌那里不该改啊,若初沫染
805,哭了一整集，我的眼泪啊💧,超爱旅游の仲长春柔
806,#长风渡最打动你的角色#最喜欢顾九思了，期待他们,qwertyuiopass💦
807,我好明智 提前冲了一年的会员,一呀易吖～
808,good！！！太喜欢了！！！强烈推荐观看！,海绵崽💪
809,来看白敬亭新剧，真挺好看的[应援],好梦可可
810,期待这部剧以后的发展(๑˙ー˙๑),一昕一意
811,白敬亭，刘学义必追，要是换个女主角更好,W、X、y
812,这部剧越看越喜欢，好过瘾[色][色][色],jknnbb
813,又是一万的热度，好神奇,白日梦真下饭
814,终于等到长风渡了，小说超好听,宝格丽特
815,[应援][应援][应援]小白和宋轶都演的不错，剧情还蛮吸引人的,乱花剪影
816,这个丫鬟好面熟，怎么简介里没有提名,孩儿滴麻麻
817,"好好看[应援][应援][应援]
真情侣就是不一样[色][色][色]",祸国妖妃～
818,#长风渡最打动你的角色#当然是顾九思，人物形象非常丰满！,多云的牛仔裙😌
819,我说剧情咋这么熟悉，原来是我看过小说[捂脸笑],小喵家星星
820,这剧演员演得很自然，最喜欢顾九思,熬夜不秃头哦
821,人物选定太贴切了，白敬亭就是顾九思本思呀,😁常青😁1988
822,小说的剧情和电视剧的剧情还是非常贴近的[大拇指][大拇指][大拇指],永湖公园道🎉
823,[666][666] 真的是 我看过最好看的电视剧 ,粹护肤品
824,柳玉茹超能打动人霸气的商人人设真的是特别棒,湖光十色🌻
825,白敬亭版的顾九思真的很不错,＆布丁🍮～🍁
826,玉茹真聪明，经商真是一块好材料,奶茶bi奇淋
827,雷云鹤为什么不用惊雷指,_q48q1111
828,有没有小姐姐谈个恋爱，浙江的,52O1314
829,宋轶不容易啊 终于演女主角了,鹿鹿yyds
830,"戏内:玉如妹妹，我喜欢你
戏外:宋轶姐姐，我喜欢你",淋过几场雨
831,非常好看，剧情进展快，充满温情与哲理[应援][应援][应援][爱心]值得观看,浅月空白天星胧紫
832,这回不会又是苦情人设了吧？,一夏吃完
833,周老板祝我高考成绩杠杠的[应援][应援],一夏吃完
834,周老板又是哭情人设了吗？,一夏吃完
