,title,description,tag,showDate,creators,contributor,page_url,img_url,time_length,hot_score,content_id
0,消失的十一层,六年前已被定性的矿下透水安全事故，因为一只头骨的被挖出，而再次被警方注意到。与此同时，野人山上突然出现的森林警察竟是六年前矿上械斗案的杀人逃犯，而这两起案件都与和众集团相关。公安局常务副局长曲江河在调查相关案件途中，发现总有一只无形的大手在阻碍调查，敌人总是先一步发现警方的动作，从而提前毁灭证据，导致调查难以进行。为了将这股黑恶势力连根拔起，扫清金川市的腐枝毒瘴，曲江河不惜自污来打入敌人内部，挣扎在法与情的边缘，徘徊于光和暗的界线。,罪案;悬疑,2023-7-9,[],"['潘粤明', '陈数', '果靖霖', '李洪涛', '万鹏', '于济玮', '孙岩', '陈昊蓝']",http://www.iqiyi.com/v_192m9bfojps.html,http://pic8.iqiyipic.com/image/20230711/5b/09/a_100535266_m_601_m20_579_772.webp,2579,6428,4563220697146300
1,独家童话,《独家童话》讲述了敏感独立的高冷学霸“凌超”与神经大条的可爱学渣 “肖兔”，从出生便相识，青梅竹马相爱相杀中互生情愫，最终在家长和朋友的助攻下甜蜜相恋的故事。,网剧,2023-7-27,"['董晓晶', '欧阳霁筱']","['文俊辉', '张淼怡', '熊奥博', '吕钊', '郝珠宇', '谭嘉泰', '林晨怡']",http://www.iqiyi.com/v_1z6moh49yv8.html,http://pic9.iqiyipic.com/image/20230801/df/6e/a_100537371_m_601_m21_579_772.webp,1622,5525,7276947759884200
2,莲花楼,该剧讲述了闻名武林的四顾门门主李相夷在一次大战后身受重伤，从此退隐江湖成为淡泊名利的“假神医”李莲花，在遇到新交方多病与旧敌笛飞声后重新卷入江湖的故事。江湖暗流涌动，疑团扑朔迷离，抽丝剥茧方能断出真相，一段荡气回肠的侠义情即将热血展开。,古装;武侠,2023-7-23,[],"['成毅', '曾舜晞', '肖顺尧', '陈都灵', '王鹤润', '陈意涵（演员）', '吴昀岭', '刘梦芮']",http://www.iqiyi.com/v_25ltrdm1rl8.html,http://pic9.iqiyipic.com/image/20230731/e5/43/a_100517696_m_601_m24_579_772.webp,2796,9032,8010127344745600
3,曾少年,故事讲述了千禧年过后，一群80后年轻人在北京追寻梦想、努力把握时代机遇，为美好事业与情感不懈奋斗的经历。他们的命运与时代镶嵌，与你我相似，虽然经历风雨，但凭借自身努力，积极向上，一路向阳，终将看见生命中最五彩斑斓的彩虹。愿每个人都不辜负曾经的少年。,都市,2023-7-10,[],"['张一山', '关晓彤', '范丞丞', '李溪芮', '姜珮瑶', '毛晓慧', '叶筱玮', '徐绍瑛']",http://www.iqiyi.com/v_2691qat0cf8.html,http://pic7.iqiyipic.com/image/20230724/85/d2/a_100538161_m_601_m18_579_772.webp,2739,5834,7967612554814600
4,富春山居,许嘉富父亲全身心投入造纸厂的运营，乡村富了，可他的家散了。成年后，许嘉富为了让父母破镜重圆亲手拆了父亲的造纸厂，将绿水青山还给家乡。当上许家大塘村书记之后，他决心带领乡亲们开拓一条乡村振兴之路，在经历了新农旅项目骗局、养猪场染病等“灭顶之灾”后，迷茫无助的许嘉富在街道书记郑本坤的引导与鼓励下重拾信心，将烂摊子变成了一个个热点：无人民宿、康养月子中心、智能养猪场、无人种植蔬菜工厂、数字乡村试验区。最终他与村民们一起用汗水和青春，将富春山下的乡村点墨成一幅现代版的《富春山居图》，农民是画家，也是画中人。,农村,2023-7-21,[],"['刘端端', '潘之琳', '王伟', '铁城', '张笑君', '赵冉', '牛子藩', '何音']",http://www.iqiyi.com/v_9q2qzt7f5w.html,http://pic5.iqiyipic.com/image/20230721/8d/50/a_100540261_m_601_m1_579_772.webp,2725,2353,1116314049607400
5,长风渡,布商之女柳玉茹自小遭遇生母病重、庶母不慈、父亲不重视的困境。为求改变命运，她战战兢兢做了十几年模范闺秀，唯求嫁个好人家，不料在订婚前夕被逼嫁给了纨绔子弟顾九思。顾九思误会柳玉茹是因贪慕顾家钱财而设计嫁给自己，扬言休妻，更在新婚之夜遁入酒楼。柳玉茹这才明白将命运系之婚姻、他人实如无本之水，故决定抛开过往伪装，真实、独立而精彩地实现自我。她一方面随顾母学习经商，另一方面则逼顾九思戒赌、读书。顾九思也在此过程中逐渐显示出独到的眼光与智慧，以及至纯至善的一面，两颗心愈靠愈近。,古装,2023-6-18,[],"['白敬亭', '宋轶', '刘学义', '张昊唯', '张睿', '赵子琪', '沙溢', '胡可']",http://www.iqiyi.com/v_10epeqee3vw.html,http://pic3.iqiyipic.com/image/20230721/2f/ed/a_100521679_m_601_m37_579_772.webp,2858,6464,3755439688500800
6,不完美受害人,该剧讲述一桩第三方匿名报警引发的神秘案件，人性、权利、欲望在探寻这场“不完美”真相过程中一一展现，一场场剧情反转、一次次叩问人心，究竟隐藏着怎样的真相。,都市;悬疑,2023-7-17,[],"['周迅', '刘奕君', '林允', '钟楚曦', '陈数', '颖儿', '董洁', '周澄奥']",http://www.iqiyi.com/v_1tb79lhcrts.html,http://pic3.iqiyipic.com/image/20230728/a4/e7/a_100521318_m_601_m14_579_772.webp,2751,8171,6726661988412300
7,偏偏宠爱,年轻的美女漫画家钟灵为治疗儿子可乐的先天性糖尿病，带着可乐回到六年前因为跟前任韩东来分手而离开的城市。谁知可乐意外走丢时偶遇了很像妈妈画册里经常出现的男人韩东来，误认为爸爸，被韩东来带回办公室，然后创造了两人的再次相遇，并展开一场爱恨交加的虐恋。再次相遇的两人因可乐的身世和病情再次纠缠在一起。一方面由于钟灵离开这六年的好友楚陌成为当红巨星，而帮自己的漫画推荐的影视剧改编机会让前任韩东来心声嫉妒，暗中调查。另一方面钟灵的回归让一直深爱韩东来的林夏夕再次癫狂，屡次暗中报复。钟可乐的亲生父亲到到底是谁？前任的爱情是否还会有缘再续？,,2023-7-28,['安蕾'],"['王皓轩', '宋美娜', '秦子墨', '马秋元', '李逸辰', '刘寒羽']",http://www.iqiyi.com/v_114pq330xxs.html,http://pic9.iqiyipic.com/image/20230728/10/39/a_100537764_m_601_m11_579_772.webp,860,3486,3677629601299900
8,纵有疾风起,该剧讲述了唐尘在事业蒸蒸日上的时候，遭遇女友烁冰的“出卖”而不得不宣布破产。他很快投身到二次创业，在与烁冰相爱相杀、几番博弈之后，终于理解了当初烁冰看似无情的选择的故事。,都市;剧情;家庭,2023-1-1,[],"['靳东', '宋佳', '田雨', '杨玏', '周劢劼', '王玉雯', '曹曦文', '张瑶']",http://www.iqiyi.com/v_jh530yvje8.html,http://pic2.iqiyipic.com/image/20230628/fb/9c/a_100502350_m_601_m13_579_772.webp,2667,1975,2097362881094300
9,归路,学生时代的路炎晨和归晓是彼此的初恋，随着路炎晨远赴他乡进入警校，归晓家庭变故，两人学生时代的感情无疾而终。八年后再度重逢，一句“化成灰我都认得你”让两人明白依旧对彼此念念不忘。两年后漫天飘雪的边境小城，归晓与朋友蔡雅雅不慎丢车，万般无奈下她打开手机，拨出了路炎晨的电话。,都市;青春;家庭,2023-3-14,[],"['井柏然', '谭松韵', '李岷城', '张柏嘉', '王皓（喜剧演员）', '张乔耳', '梁天', '吴玉芳']",http://www.iqiyi.com/v_1bbf0eo65vg.html,http://pic2.iqiyipic.com/image/20230601/c5/89/a_100504158_m_601_m29_579_772.webp,2759,2997,4899328187192400
10,云襄传,云台弟子云襄苦修十年，背负着门中的使命和往日的灭族之仇步入江湖，开始了复仇与报恩的漫长旅途。在闯荡江湖的过程中，云襄结识了几位好友，逐渐体会到了友谊的温暖。舒亚男这位古怪精灵、聪慧机警的女子，更是让云襄产生了朦胧的情愫。意气风发的云襄带领这个小团体施展抱负，度过了一段快意恩仇的时光。可是好景不长，随着对昔日灭族惨案的深入调查，云襄挖出了更多骇人听闻的秘密，事态开始急转直下。他先后经历了欺骗、背叛与生死离别，又意识到曾以造福苍生为己任的云台早已堕落，云襄猛然发觉复仇已毫无意义。云台之主祸乱天下的阴谋逐渐显露，云襄决定挺身而出捍卫心中的正义，哪怕是牺牲自己也在所不惜。,自制;古装;武侠,2023-5-1,[],"['陈晓', '毛晓彤', '秦岚', '王劲松', '惠英红', '唐晓天', '许龄月', '刘冠麟']",http://www.iqiyi.com/v_14aoajaoai0.html,http://pic9.iqiyipic.com/image/20230522/6b/03/a_100480701_m_601_m15_579_772.webp,2265,2867,4221498045957700
11,人生之路,部分取材于小说《人生》，讲述了生活在陕北高家村的青年高加林为了改变命运，努力奋发图强，历经世事变迁和命运接二连三的考验后，在时代的浪潮中谱写平凡人不平凡人生的故事。,剧情;农村,2023-3-20,[],"['陈晓', '李沁', '张嘉倪', '王天辰', '唐曾', '林永健', '郭晓婷', '刘威']",http://www.iqiyi.com/v_282gtasmuto.html,http://pic8.iqiyipic.com/image/20230630/c1/d7/a_100529375_m_601_m35_579_772.webp,2733,2473,8047026973605600
12,蝶影,"抗日战争全面爆发后，即将大学毕业的进步女青年林秋雁,面对美好家园惨遭蹂躏，面对日寇汉奸的残忍行径，她痛心疾首，与恋人张子墨相约毕业后一起奔赴延安，共同为拯救国家作出自己的贡献。
林秋雁父亲是著名的考古专家，日军头目龟田次郎为了夺取林家收藏的古董文物，丧心病狂，将林秋雁一家残忍杀害，家中被洗劫一空。名画宋代摹本《斫琴图》和半张手绘地图不幸落入龟田次郎手中。最危急关头，林秋雁被军统特工周天昊搭救。
张子墨以为林秋雁已经遇害，怀着悲痛的心情只身奔赴延安。获救之后的林秋雁为了报仇，加入到军统。从此二人天各一方。
由于林秋雁父亲爱国专家的特殊身份，党组织安排在上海做地下工作的宋逸坤负责对林秋雁的下落进行",网剧;战争;谍战,2023-3-21,['张健'],"['冯越', '魏大勋', '赫子铭', '张晨光', '黄维德', '张睿', '赵圆瑗', '李卓霖']",http://www.iqiyi.com/v_g1ofldh6zc.html,http://pic7.iqiyipic.com/image/20230630/a5/e1/a_100531029_m_601_m10_579_772.webp,2724,2511,1617667704269300
13,九霄寒夜暖,九霄城迷案再现，乾国女捕快&祺族少主寻爱探真，演绎高温差蜜恋。,网剧;自制;古装,2023-2-25,[],"['李一桐', '毕雯珺', '何瑞贤', '陈鹤一', '马月', '杨仕泽', '王茂蕾', '傅首尔']",http://www.iqiyi.com/v_124xt5w4nf8.html,http://pic4.iqiyipic.com/image/20230628/0f/4a/a_100459089_m_601_m23_579_772.webp,2808,2391,3861325580260600
14,狂飙,由金牌导演徐纪周执导，张译、张颂文、李一桐、张志坚、吴刚领衔主演，倪大红、韩童生、李建义特邀主演的中央政法委重点项目。一部扫黑除恶坚决斗争的回忆录，横跨20年的群像叙事全景式展现时代变迁下的黑白较量与复杂人性。,自制;罪案;悬疑,2023-1-14,[],"['张译', '张颂文', '李一桐', '张志坚', '吴刚', '倪大红', '韩童生', '李建义']",http://www.iqiyi.com/v_xkt6z3z798.html,http://pic0.iqiyipic.com/image/20230601/8b/04/a_100476174_m_601_m40_579_772.webp,2733,5099,3493131456125200
15,耀眼的你啊,讲述了不同个性的三个女人从不可能的关系到相互扶持走出困境活出自我开创美丽人生的一段热烈故事。,都市;剧情;自制,2023-1-25,[],"['殷桃', '刘以豪', '任重', '王媛可', '施诗', '王策', '刘莉莉', '岳跃利']",http://www.iqiyi.com/v_27bc0jo0dvw.html,http://pic7.iqiyipic.com/image/20230328/df/5f/a_100493088_m_601_m15_579_772.webp,2736,2093,8140078211853600
16,显微镜下的大明之丝绢案,讲述了数学天才帅家默从县衙税簿意外发现，该县承担了周围七县此前百余年的丝绢税负，由此开启从县衙到府衙乃至更高行政单位的拨乱反正之路。,网剧;剧情;自制,2023-2-9,['马伯庸'],"['张若昀', '王阳', '戚薇', '吴刚', '高亚麟', '费启鸣', '侯岩松', '翟小兴']",http://www.iqiyi.com/v_1b8vy0td37s.html,http://pic3.iqiyipic.com/image/20230604/94/27/a_100476171_m_601_m19_579_772.webp,2362,2714,4918580167510500
17,父亲的草原母亲的河,在特定的时代环境下，莫家四兄妹响应国家的号召，从南京相继来到内蒙草原与牧民共同学习、共同生活，在生活中进行人生选择和自我寻找，在奋斗中履行自己扎根草原、建设边疆的诺言而发生的悲欢离合。他们曾因文化差异和环境艰苦而哭泣，也为收获动人爱情和珍贵友谊而欢笑，把青春和生命挥洒在这片土地。然而时代的迅速发展，又开始让他们对单调的草原产生了怀疑，他们在花花世界中闯至头破血流后猛然回首，草原依然以最温柔的姿态召唤并拥抱了他们的回归。,家庭;农村,2023-7-16,[],"['李泓良', '德姬', '斯琴高娃', '涂们', '吕星辰', '塔娜花日', '阿云嘎', '索牧']",http://www.iqiyi.com/v_pjz7ilwgz4.html,http://pic2.iqiyipic.com/image/20230717/d0/0e/a_100539635_m_601_m3_579_772.webp,2725,2273,2617968516492700
18,熟年,在外人眼中倪家二儿媳张春梅拥有完美生活，然而老太太寿宴上老公伟强突然失踪，春梅找到丈夫后却被告知离婚，这时婆婆又患上了阿尔茨海默症。老大倪伟民与媳妇吴二琥和刚结婚的儿子倪俊儿媳刘红艳挤在老旧的居民楼。老小伟贞原本生活无忧无虑，母亲生病让她第一次有了想成家的念头。倪家三代人的生活就此被打乱，他们该如何面对亲情、事业、婚姻的考验？,剧情;自制;家庭,2023-5-25,[],"['郝蕾', '王鸥', '唐艺昕', '宋丹丹', '刘奕君', '张国强', '王彦霖', '曹翠芬']",http://www.iqiyi.com/v_2a8lk171ams.html,http://pic2.iqiyipic.com/image/20230725/25/f8/a_100476178_m_601_m20_579_772.webp,2733,3394,8401584278343800
19,尘封十三载,1997年未能侦破的特殊杀人案件在13年后重现，当年一直没有追查到真凶的刑警卫峥嵘备受打击离开一线，而曾经初出茅庐的新警陆行知褪去稚嫩青涩，已成为缜密细致的刑侦能手，案件的重重巧合让师徒二人再次走到了一起，合力追缉真凶。 ,剧情;悬疑,2023-4-6,[],"['陈建斌', '陈晓', '啜妮', '刘敏涛', '王骁', '左小青', '喻恩泰', '谭凯']",http://www.iqiyi.com/v_2cjqc7nrjb4.html,http://pic3.iqiyipic.com/image/20230602/0a/9d/a_100517610_m_601_m18_579_772.webp,2177,2881,8713626793061100
20,刑侦笔记,"隆城市的富豪相继离世，案发现场都出现黑影。隆城市刑侦队长付瑶瑶和副队长江左岸迅速展开调查，再加上青年化学家钟申镐的全力配合，让这个黑影无处遁形，暴露在了光天化日之下……
但谁知，一波未平一波又起……网红主播田淼淼突然坠楼，现场无任何作案痕迹。钟申镐主动请缨参加了直播平台举行的真人秀，遇到了主播夏渔。摄制过程中，网红主播们一个个古怪的死去，只剩下他们两人，但真相却出乎人们的意料……",网剧,2023-5-30,['张子涵（编剧）'],"['卢杉', '杨昊铭', '陈牧扬', '刘铭浩', '王浩伟', '石蕊', '闵政']",http://www.iqiyi.com/v_2d127crf1ng.html,http://pic2.iqiyipic.com/image/20230630/de/1f/a_100536490_m_601_m11_579_772.webp,2294,1799,8685550988441200
21,公诉,该剧讲述了高材生检察官安旎入职江城检察院后，面对众多棘手案件，与刑警队长何陆源通力合作，充分发挥各项检察职能，在一系列案件旋涡中查找真相的故事。,都市;剧情;罪案,2023-5-29,[],"['迪丽热巴', '佟大为', '高鑫', '尤靖茹', '冯雷', '韩栋', '贾青', '熊梓淇']",http://www.iqiyi.com/v_1f93um9m2n0.html,http://pic2.iqiyipic.com/image/20230630/6f/eb/a_100529481_m_601_m18_579_772.webp,2734,3461,5079013337166000
22,最食人间烟火色,贷款上班的银行社畜司清是个十足的美强惨，工作业绩斐然，过着追求车子房子票子的“俗气”生活。为了追回一起不良贷款，她与传统手艺匠人景琛初次相遇。一个是被追债任务“绑架”而充满铜臭味的白领，一个是没车没房没票子，却坐拥田园，与青山绿水围绕的清冷手工匠人。互相看不顺眼的两人“相见相杀”般地纠缠不清。在冬至生日的这天，被父母遗忘、被同事孤立的司清内心狼狈不堪，终于到了成年人的崩溃边缘。直到在璟园那充满江南风韵的长廊下，景琛一碗冬至习俗的甜酒鸡蛋，被司清误认为是生日唯一的温暖，冲动之下提出结婚。而景琛，也因司清手中握有另外半卷题跋，进而答应了她的要求。 然而，结婚只是开始。,网剧;都市;剧情,2023-3-31,['王晓翠'],"['卢洋洋', '陈鑫海', '南笙', '赵振廷', '籍皓', '钱宣颖']",http://www.iqiyi.com/v_1qtemxd4tvs.html,http://pic3.iqiyipic.com/image/20230628/90/06/a_100529507_m_601_m25_579_772.webp,2016,3678,6437882283083300
23,理科生坠入情网,在全国知名的理工院校东南科学技术大学，男女比例高达七比一，而生物医学工程专业的苏澄澄始终无法脱单。直到有一天，苏澄澄和“科研学神”肖宇河之间发生了一系列古怪浪漫而又奇迹般的相遇。苏澄澄一冲动一上头，便来到肖宇河面前，献出了人生第一次告白：“我喜欢你”。不成想竟因此被带入了脑机领域的顶尖实验室——脑与智实验室，开始用脑科学、神经医学、心理学等科学手段来验证她的“喜欢”。然而在本该甜蜜的恋爱实验中，苏澄澄却发现肖宇河的满满“恶意”——在与肖宇河斗智斗勇，苟延残喘上演“实验室求生记”之际，苏澄澄也和实验室里的“奇葩”学霸们一同开启了搞笑、浪漫的青春之旅。,青春,2023-3-15,[],"['吴佳怡', '刘奕畅', '陈昊蓝', '吴飞', '高宇航（男）', '姚一奇', '王星瀚', '马丽']",http://www.iqiyi.com/v_1bda7phqjos.html,http://pic2.iqiyipic.com/image/20230628/3a/06/a_100506356_m_601_m14_579_772.webp,2496,1709,4892910860430400
24,你好，我的对面男友,讲述了一个出身草根，看似平凡的女孩陆纷纷，靠着天赋，聪明和不屈不挠的斗志勇气，在强调出身的红酒行业，杀出一片属于自己的天地，并遇上了患有怪病，性格也古怪的“逆龄霸总”许明辰，随后展开一段既有别扭和搞笑，也有浪漫和心动的恋爱喜剧。,青春;偶像,2023-3-20,['周子逾'],"['嘉羿', '金子璇', '范晓东', '吴明晶', '杜厚佳', '陈依琪', '高凯元', '李博洋']",http://www.iqiyi.com/v_1mvas1ki3lw.html,http://pic2.iqiyipic.com/image/20230628/5c/79/a_100530975_m_601_m9_579_772.webp,1966,1367,5991075905945000
25,外婆的新世界,一生沉默如大多数人般的外婆，突然不告而别、离家消失，游走于城市各地，变得不再沉默，变得特立独行，宛如城市游侠，利刃般刺入无数人的生活，揭开一个个难定黑白善恶的人生，一边改变着自己，一边也改变了许多人——包括外婆的姐姐、女儿、外孙女的人生……  ,自制;家庭,2023-5-7,['李樯'],"['闫妮', '邓恩熙', '张瑶', '姚晨', '王珞丹', '梅婷', '黄尧', '刘琳']",http://www.iqiyi.com/v_1kbnbq6mk2w.html,http://pic0.iqiyipic.com/image/20230630/7d/36/a_100461606_m_601_m27_579_772.webp,2982,2241,5673418230303300
26,淬火丹心,八十年代中期，江汉钢铁学院高材生耿云辉因在大学期间发明了“转炉煤气自动点火装置”，受到了江钢领导的关注和期望。然而在一次“剽窃论文”事件中，他替为自己出头伤人的朋友顶罪，被开除学籍，并受到拘役半年的严厉惩处，人生自此陷入低谷。父亲耿卫东在研发新钢种的试验中发生重大事故被追责，耿云辉受此刺激重新振作。进入江钢工作后，他在情感和事业上经历了挫折、痛苦、抉择、成长、蜕变等不同阶段后，他成长为一个有责任、有担当、有使命感的真正的江钢人。,年代,2023-6-14,[],"['唐曾', '吕一', '王雨', '董晴', '董可飞', '丁宁（演员）']",http://www.iqiyi.com/v_1dblf5he6j4.html,http://pic1.iqiyipic.com/image/20230630/6f/54/a_100537704_m_601_m4_579_772.webp,2701,1732,4994785923189500
27,尘缘,学乘风破浪的霸气师姐，如何倒追-帅气师弟；看披荆斩棘的修仙菜鸟，如何翻身-飞升上仙，改编自烟雨江南同名小说。,剧情;古装,2023-7-2,[],"['杨颖', '马天宇', '宣璐', '汪卓成', '张国强（香港）', '郑希怡', '朱泳腾', '李雅男']",http://www.iqiyi.com/v_b34dsox0hc.html,http://pic9.iqiyipic.com/image/20230728/9c/5f/a_100518022_m_601_m14_579_772.webp,2450,4571,1255088741236700
28,花戎,人间魏国，盛行修仙，长生对于大多数老百姓来说终是遥不可及。从小被视为扫把星的少女魏枝虽然缄默低调，性格却并不懦弱，她大胆参加了测仙缘根骨的成人礼。成人礼上，魏枝所在的三十六人组在鉴仙镜中照出凤凰身影，众人因此被一起送入白鹭书院深造，其中资质出众的魏家三小姐成为了凤凰血脉继承者的热门人选。书院中，老师炎越严厉之极，把一干锦衣玉食的公子小姐折磨得叫苦不迭。其实炎越乃是上界天君，下凡目的正是为了寻找凤凰血脉继承者，因为在传说中，凤凰是必将毁灭三界的可怕存在，杀死凤凰，既是炎越的使命，也是对他能否顺利即位天君的最大试炼。炎越因天律约束，无法干扰人间之事，却渐渐对聪慧顽强的魏枝产生了浓厚的兴趣。,古装;言情,2023-6-1,[],"['鞠婧祎', '郭俊辰', '刘冬沁', '陆婷玉', '马月', '张志浩', '宋昕冉', '聂子皓']",http://www.iqiyi.com/v_k9j4r3geds.html,http://pic8.iqiyipic.com/image/20230630/42/92/a_100465280_m_601_m22_579_772.webp,2733,4153,2034793945152700
29,山河之影,"建文三年，鸡鹅巷的小贼李雾见济南府佥事王克恭携万贯家财平调进入南京城，便盗锦衣百户李东方之名帖潜入王克恭府，梦想着顺利盗宝，在一夜之间坐拥荣华富贵。不料王克恭府中暗流涌动，李雾被迫卷入了一场围绕鱼暝锁展开的前朝火器之争中，原本作为局外人的李雾成为了鱼暝锁的持有者，陷入了漩涡中心。
儿时，将李雾从诏狱中解救的孩童宋真如今已成为锦衣卫陆铮，与李雾成了同僚，相见不相认；和李雾曾同处一个囚室的女童舒棠变成了夜不收刺客，并跟李雾成了间谍夫妻，共同完成夜不收的任务。朝野纷争的阴暗与残酷让三人之间的感情也在连环锁一样的阴谋中经受着考验。当改朝换代的那一刻到来的时候，所有的战事和未解的迷局，都将落下帷幕。
",古装;武侠,2023-3-28,[],"['张云龙', '陈若轩', '孙怡', '此沙', '马渝捷', '尹铸胜', '周铁', '杨轶']",http://www.iqiyi.com/v_lnpjizja0o.html,http://pic7.iqiyipic.com/image/20230607/67/bc/a_100517997_m_601_m13_579_772.webp,2236,2139,2152712324698900
30,刑侦笔记,"隆城市的富豪相继离世，案发现场都出现黑影。隆城市刑侦队长付瑶瑶和副队长江左岸迅速展开调查，再加上青年化学家钟申镐的全力配合，让这个黑影无处遁形，暴露在了光天化日之下……
但谁知，一波未平一波又起……网红主播田淼淼突然坠楼，现场无任何作案痕迹。钟申镐主动请缨参加了直播平台举行的真人秀，遇到了主播夏渔。摄制过程中，网红主播们一个个古怪的死去，只剩下他们两人，但真相却出乎人们的意料……",网剧,2023-5-30,['张子涵（编剧）'],"['卢杉', '杨昊铭', '陈牧扬', '刘铭浩', '王浩伟', '石蕊', '闵政']",http://www.iqiyi.com/v_2d127crf1ng.html,http://pic2.iqiyipic.com/image/20230630/de/1f/a_100536490_m_601_m11_579_772.webp,2294,1799,8685550988441200
31,外婆的新世界,一生沉默如大多数人般的外婆，突然不告而别、离家消失，游走于城市各地，变得不再沉默，变得特立独行，宛如城市游侠，利刃般刺入无数人的生活，揭开一个个难定黑白善恶的人生，一边改变着自己，一边也改变了许多人——包括外婆的姐姐、女儿、外孙女的人生……  ,自制;家庭,2023-5-7,['李樯'],"['闫妮', '邓恩熙', '张瑶', '姚晨', '王珞丹', '梅婷', '黄尧', '刘琳']",http://www.iqiyi.com/v_1kbnbq6mk2w.html,http://pic0.iqiyipic.com/image/20230630/7d/36/a_100461606_m_601_m27_579_772.webp,2982,2241,5673418230303300
32,淬火丹心,八十年代中期，江汉钢铁学院高材生耿云辉因在大学期间发明了“转炉煤气自动点火装置”，受到了江钢领导的关注和期望。然而在一次“剽窃论文”事件中，他替为自己出头伤人的朋友顶罪，被开除学籍，并受到拘役半年的严厉惩处，人生自此陷入低谷。父亲耿卫东在研发新钢种的试验中发生重大事故被追责，耿云辉受此刺激重新振作。进入江钢工作后，他在情感和事业上经历了挫折、痛苦、抉择、成长、蜕变等不同阶段后，他成长为一个有责任、有担当、有使命感的真正的江钢人。,年代,2023-6-14,[],"['唐曾', '吕一', '王雨', '董晴', '董可飞', '丁宁（演员）']",http://www.iqiyi.com/v_1dblf5he6j4.html,http://pic1.iqiyipic.com/image/20230630/6f/54/a_100537704_m_601_m4_579_772.webp,2701,1732,4994785923189500
33,恩爱两不疑,讲述了文治城主萧锦昀和将门之女的城主夫人徐钰，因一次意外互换了身体，原本互不信任的二人，在努力扮演彼此的过程中，逐渐在错位的身份上开始体谅对方、因设身处地而解开误会，夫妻同心协力化解了一系列的危机，从相看两相厌到恩爱两不疑的故事。,古装,2023-4-6,[],"['宋妍霏', '张昊唯', '马栗', '曹峻祥', '于波', '翁虹', '李俊辰']",http://www.iqiyi.com/v_1tzqkjjlt4c.html,http://pic9.iqiyipic.com/image/20230628/07/09/a_100531986_m_601_m14_579_772.webp,2741,1864,6679334203294400
34,尘缘,学乘风破浪的霸气师姐，如何倒追-帅气师弟；看披荆斩棘的修仙菜鸟，如何翻身-飞升上仙，改编自烟雨江南同名小说。,剧情;古装,2023-7-2,[],"['杨颖', '马天宇', '宣璐', '汪卓成', '张国强（香港）', '郑希怡', '朱泳腾', '李雅男']",http://www.iqiyi.com/v_b34dsox0hc.html,http://pic9.iqiyipic.com/image/20230728/9c/5f/a_100518022_m_601_m14_579_772.webp,2450,4571,1255088741236700
35,民国女神探,本故事讲述一个天网恢恢疏而不漏，邪不能胜正的故事，警察所所长丁探长和当地富商冯大头为了一己之私勾结洋人汉奸倒卖鸦片，为了找寻传说中的宝藏而不惜牺牲无辜的孙家周家两家的性命，更是全然不顾国家危亡，。女探长霍青带着得力助手烟儿来到浦江镇，虽与警察局副所长邢易有诸多误会，但幸好及时说清，三人携手，大破孙家和周家灭门案，揭露了丁探长和冯大头的卖国罪行，所有案件真相大白，坏人也得到了应有的惩罚，而浦江镇也恢复了往日的平静。,罪案;悬疑,2023-2-28,"['张洪亮', '刘鹏飞', '徐婧（编剧）']","['李曼0514', '洋懿', '李泽宇', '雷琨', '宋鸿宇']",http://www.iqiyi.com/v_wcmtbfpxtk.html,http://pic3.iqiyipic.com/image/20230628/a8/4f/a_100529501_m_601_m11_579_772.webp,663,1265,3335104784180500
36,破事精英2,破事部曾经是万兽集团最没存在感的部门。老好人经理胡强、刺头程序员欧阳莫菲、鸡血销售唐海星、八卦秘书金若愚、强迫症设计师苏克杰、过劳肥文案庞小白、乐天派助理沙乐乐成天处理其他部门不愿意干的破事。但因为在万兽集团的裁员风波中剑走偏锋，以小博大，破事部不但挽救了自己，也让不少同事免于被裁，让领导刮目相看。破事部所有人都迎来了升职加薪，但更荒唐、更爆笑的破事也在等着他们，破事部的咸鱼怨种们即将迎来全新的打工日常。,都市;喜剧,2023-4-29,[],"['李佳航', '张一铎', '成果', '刘中秋', '屠画', '李汶凡', '孙艺文']",http://www.iqiyi.com/v_168f5kwpuws.html,http://pic7.iqiyipic.com/image/20230630/40/85/a_100517919_m_601_m12_579_772.webp,2726,2809,4301714630709200
37,山河之影,"建文三年，鸡鹅巷的小贼李雾见济南府佥事王克恭携万贯家财平调进入南京城，便盗锦衣百户李东方之名帖潜入王克恭府，梦想着顺利盗宝，在一夜之间坐拥荣华富贵。不料王克恭府中暗流涌动，李雾被迫卷入了一场围绕鱼暝锁展开的前朝火器之争中，原本作为局外人的李雾成为了鱼暝锁的持有者，陷入了漩涡中心。
儿时，将李雾从诏狱中解救的孩童宋真如今已成为锦衣卫陆铮，与李雾成了同僚，相见不相认；和李雾曾同处一个囚室的女童舒棠变成了夜不收刺客，并跟李雾成了间谍夫妻，共同完成夜不收的任务。朝野纷争的阴暗与残酷让三人之间的感情也在连环锁一样的阴谋中经受着考验。当改朝换代的那一刻到来的时候，所有的战事和未解的迷局，都将落下帷幕。
",古装;武侠,2023-3-28,[],"['张云龙', '陈若轩', '孙怡', '此沙', '马渝捷', '尹铸胜', '周铁', '杨轶']",http://www.iqiyi.com/v_lnpjizja0o.html,http://pic7.iqiyipic.com/image/20230607/67/bc/a_100517997_m_601_m13_579_772.webp,2236,2139,2152712324698900
38,少年江湖,女主小如是只会点鸡毛蒜皮武艺的江湖小白，古灵精怪，穷萌且怂，表面坑蒙拐骗又贪财，内心乐于助人，忽然变成了被人欺负的傻子小姐慕容洙宛。对爱懵懂无知的小如，在遇到了喜欢之人慕容冲后，被迫卷入江湖纷争，也遇到了以为惨遭背叛而因爱生恨的符宏。慕容冲、洙宛、苻宏三人在江湖各种阴谋中艰难生存，互相之间的矛盾也愈演愈烈。他们三人在享受荣耀与权利的同时，也背负了压力和责任，在陌生的逆境中成长，为爱而变得勇敢坚强，为爱而努力，最终三人携手共闯江湖。,网剧;剧情;古装,2023-5-26,['于可欣'],"['敖瑞鹏', '邓超元', '宗元圆']",http://www.iqiyi.com/v_qytr6h2ef0.html,http://pic2.iqiyipic.com/image/20230703/c8/8e/a_100527911_m_601_m11_579_772.webp,2088,2422,2761556203030800
39,公子贵姓,该剧主要讲述了精灵古怪、元气可爱的唐不言，因破解家族血脉问题而四处寻找眼角有泪痣的命定之人，一次机缘巧合下，她遇到了清冷雅正的玄奇门少主李成蹊，两人命运至此勾连在一起，从而展开一段啼笑皆非却又温暖治愈的爱情故事。,网剧;剧情;古装,2023-1-31,['梁洪于1'],"['金沫汐', '蒙恩', '吴承泽（训练生）', '蔡祥宇', '潘麓宇', '陈名豪']",http://www.iqiyi.com/v_28474n7jj8s.html,http://pic3.iqiyipic.com/image/20230628/7c/9d/a_100524230_m_601_m21_579_772.webp,1599,1334,8054246466088000
40,保护我方城主大人,古时，有木兮和轩月两座城池，这两座城池世代交恶，试图吞并彼此。木兮城老城主膝下无子，唯有女儿叶昭南。老城主担忧昭南以女子之身，继承城主之位，恐引发宗族篡权，便秘密隐藏了女儿的性别，从小命昭南女扮男装，一次意外，叶昭南落难在轩月宫中成为了宫女，遭受了未曾有过的各种欺凌，然而，她与生俱来的城主气质，在深宫之中，显得格外独特，也由此，与轩月城主柳轩冥，上演了一幕“一山不能容二虎，除非他俩是城主”的传奇故事……,网剧;剧情;喜剧,2023-1-6,['王俊（编剧）'],"['张悦楠', '严子贤', '于轩晨', '范薇', '刘冠麟', '巩汉林', '韩雨彤', '王嘉丽']",http://www.iqiyi.com/v_1kiipjlasys.html,http://pic2.iqiyipic.com/image/20230410/1f/c6/a_100522066_m_601_m22_579_772.webp,2014,2984,5648551088899400
41,南洋女儿情,该剧以真实历史为基础，讲述二十世纪三十年代，以“红头巾”为代表的华人女性在南洋地区自立自强，终于在南洋地区拼出自己的一番天地的传奇故事。,,2023-6-20,[],"['肖燕', '戴向宇', '岳丽娜', '徐梵溪', '吴希泽', '于非凡', '蔡卓音', '赵菁']",http://www.iqiyi.com/v_2bky2tuhpao.html,http://pic6.iqiyipic.com/image/20230630/5b/ec/a_100502754_m_601_m20_579_772.webp,2734,3692,8546776296835900
42,可爱的坏家伙,一觉醒来，毕生甘当咸鱼的脑洞少女夏雨萌目睹了此生难忘的一幕——帅气阴郁的少年撕裂漫画而出，径直向她走来。这漫画，只是她因暗恋学长白泽，花痴意淫出来的摸鱼之作。而眼前这少年，便是她胡乱杜撰的究极大反派沈明夕！沈明夕此人，和所有无脑漫画中的反派一样，只是为了衬托男主，而制造出来的工具人，被硬生生安上了各种美强惨设定。自己造下的孽找上门来，夏雨萌内心狂叫——这就是上天对我YY男神的惩罚吗？而从此，漫画与现实，也不知不觉中开始走向了奇幻的融合。为了自己的小命和社会的安定，夏雨萌决定要努力将这个坏家伙改造为21世纪社会主义好青年，以防他突然黑化，让自己小命不保！就这样，“坏家伙改造计划”轰轰烈烈的开始了,网剧,2023-4-12,['简余'],"['张逸杰', '王路晴', '任运杰', '尚璇', '厉家兵', '张新童']",http://www.iqiyi.com/v_frmkqesw40.html,http://pic8.iqiyipic.com/image/20230628/f5/c5/a_100532892_m_601_m9_579_772.webp,1377,1179,1624085031067900
43,心跳,《心跳》讲述了桀骜不驯、风流薄幸、不懂爱情的“强势男”顾译，与看似软弱，实则果敢坚毅，有勇有谋的“双面女”乔净，二人从相爱相杀到虐心痴恋，高能反转的爱情故事。,网剧;都市;言情,2023-6-9,['徐慧苗'],"['何瑞贤', '罗正', '郭迦南', '朱近桐', '曹恩齐', '骆达华']",http://www.iqiyi.com/v_28wmm227e78.html,http://pic5.iqiyipic.com/image/20230704/78/c5/a_100529839_m_601_m21_579_772.webp,2209,3323,8237942445427400
44,战火中的青春,讲述了1937年抗战爆发，仇寇肆狂，北大、清华和南开三校学子辞却五朝宫阙，长途跋涉，暂住于衡山湘水，复又寄居春城，弦诵不绝，悠悠八载。联大自1937年长沙建校，至1946年三校复员，在校生不过8000人，毕业生3800人，却培养出两位诺贝尔获得者，78位中科院院士，12位中国工程院院士和一批著名的文学家、哲学家、翻译家、社会科学家和政治家，在中国乃至世界教育史上，都留下了光辉的一页。西南联大犹如一盏明灯，高悬西南一隅，维系着中华文明的一缕学脉。,年代;青春,2023-4-23,[],"['王鹤棣', '周也', '叶祖新', '胡连馨', '贺鹏', '王羽铮', '王仁君', '王玥兮']",http://www.iqiyi.com/v_1gehfijmedk.html,http://pic5.iqiyipic.com/image/20230628/ed/24/a_100533610_m_601_m18_579_772.webp,2669,1681,5239446506699300
45,春家小姐是讼师第一季,本剧讲述了军户之女春荼蘼为父伸冤走上讼师之路，探案诉讼中她结识了背负身世之谜的顶级杀手夜叉，得到了折冲府都尉韩无畏和大理寺丞康正源的赏识，并且确定了自己的人生理想——当讼师。夜叉的身上究竟隐藏着怎样的秘密？真相与爱情又能否两全？一群赤诚少年们因律法而聚，最终能否为正义发声、守护弱小？且看鬼马少女春荼蘼如何智斗极品亲戚、惩治流氓恶霸，最终在自己的坚持和亲友的支持下，实现自我价值，成为一代惩恶扬善的女讼师。,网剧;剧情;古装,2023-3-24,"['王鹤槟', '张溪原', '杨青（编剧）']","['庄达菲', '黄俊捷', '樊治欣', '朱林雨', '秦天（演员）']",http://www.iqiyi.com/v_kscepj6nw4.html,http://pic6.iqiyipic.com/image/20230604/a3/6b/a_100527069_m_601_m22_579_772.webp,2400,1279,2240148402008600
46,我的老板为何那样,田甜是一名插画设计师，成为潮玩设计师一直是她的梦想。在她前去千圣集团应聘潮玩设计师时却发现，千圣集团的新品潮玩抄袭了她之前的插画作品。田甜几次讨要说法后，引起了集团总裁柳熙来的关注。柳熙来不但购买了抄袭作品的版权，还让田甜进入千圣集团做潮玩设计师，同时兼任总裁特助，帮助自己解决一些个人事务。一开始田甜靠着自己的勤奋和热血两边兼顾，但是随着柳熙来总裁特助工作的加重，田甜疲于奔命，越来越不能满足柳熙来的要求，两个人在工作和生活中都产生了不少的冲突。而后千圣集团迎来危机，柳熙来和田甜两个人共同守护了千圣集团，也更坚定了两人彼此的心意，而陪伴在他们身边的同事和朋友也都事业中有所收获，得到成长。,网剧;都市,2023-2-3,['苏素'],"['刘胤君', '张沐兮', '赵奂然', '马倩倩', '余衍隆', '张琛']",http://www.iqiyi.com/v_282ww9kd330.html,http://pic5.iqiyipic.com/image/20230628/fd/4f/a_100525325_m_601_m27_579_772.webp,1682,1896,8041411812577200
47,青春之城,方远舰是中生代智能科技创业代表，始终坚持核心技术掌握在自己手里，走科技创新之路，不断探索和突围，破釜沉舟，制造中国的人形机器人；夏末，二次创业，将升级产业做到制定行业规则的代表，功成名就的女企业家面临产业革新，她目光长远，不计成本鼓励研发，研制出环保新材料，不仅走在行业前端，制定行业规则，还带动了行业良性发展；蒋楠楠，崔江北以及高山，是街道办与科创委的代表，他们是政策的执行者，扎根基层，陪伴着创业者们一起经历着曲折和沉浮，勇于担当，仗义敢为，成就了企业，也成长了自己。,都市;商战,2023-4-12,[],"['秦海璐', '林雨申', '热依扎', '朱雨辰', '飞凡', '黄米依', '孙阳（演员）']",http://www.iqiyi.com/v_1r472qgbeq0.html,http://pic8.iqiyipic.com/image/20230628/bf/36/a_100533255_m_601_m10_579_772.webp,2725,1170,6386543668875300
48,与你十年，予我半生,"2012年，刚毕业的林亦诚、王燃、李文凯、陈涛、刘珂五位好友步入社会，家境贫寒的林亦诚努力奋斗，挑起整个家庭的重担；职场精英王燃立志做一番事业，在各路大佬之间如履薄冰。林亦诚和王燃互相爱慕，分分合合，终究败于现实。富二代李文凯在王燃的帮助下事业走上正轨，却由此爱上王燃。喜欢吹牛的陈涛和单纯的刘珂相爱，面临各种挑战。
转眼到了2022年，十年间，五位年轻人最岁月的巨浪里浮沉磨砺。穷小子”林亦诚实现了财富自由，却失去最爱的人；“拜金”的王燃大彻大悟，远离了尘世的喧嚣；“富二代”李文凯放下了灯红酒绿，成了乡村支教的志愿者；最不被看好的陈涛和刘珂却终成眷属，相濡以沫；十年过去，他们哭过笑过，爱过恨过，",网剧,2023-6-28,['柏山'],"['张耀', '张雅钦', '董璇', '袁家欢', '赵星卉', '文力']",http://www.iqiyi.com/v_20hn7hgkur0.html,http://pic8.iqiyipic.com/image/20230630/d4/2f/a_100537521_m_601_m11_579_772.webp,2015,1978,7409305124772800
49,全资进组,该剧讲述了一位天马行空的资方全资进组，为了完成自己各种古装大男主的梦想，疯狂改剧本导致剧情直线横跳。卑微倔强的编剧无力反抗，顶着越来越秃的头发使出浑身解数拼命填坑，各种反套路火力全开。在他们的努力下：甜宠剧将首次从教学式角度硬核打开；勾心斗角的宫廷剧变得异常融洽姐妹情深；锦衣卫办案悬疑感满满找了全剧也没找到凶手；白面书生赶考路上被富家千金风险投资意外称霸武林；精分男狐正邪同体切换女捉妖师难敌魅惑因爱生恨……,网剧,2023-4-1,['陈腾跃（演员）'],"['陈腾跃（演员）', '屈梦汝', '蔡卓宜', '罗予彤', '杨志雯', '陈婧旸', '邹思扬', '高维蔓']",http://www.iqiyi.com/v_s4w36qmvbc.html,http://pic8.iqiyipic.com/image/20230630/4d/91/a_100533660_m_601_m17_579_772.webp,693,1098,2906748221574500
50,奈何寨主不好当,隐曜组织的卧底名单被内鬼泄露失窃，一时间隐曜内部人心惶惶，隐曜主管沈易命黄组暗卫张小花追回失窃的卧底名单。张小花得知奈何寨内有名单消息，便假装被二寨主洛禾绑架潜入奈何寨，本想假装委身于好色大寨主寻回名单，没曾想大寨主早有妒妇当家，勾搭不成差点搭上一条命，关键时刻却是二寨主挺身而出，表示被张小花的美色所迷，想娶为夫人。大寨主忌惮洛禾在寨中多年的实力，只好表面答应，实际上想方设法铲除洛禾的势力。张小花见寨中原来早有内讧，于是决定挑拨大寨主和洛禾的关系，趁乱寻回卧底名单。没曾想她的计划早被洛禾看穿，而洛禾的真实身份也不止眼见这般……,,2023-5-5,['李张影'],"['王轩（演员）', '曹赛亚']",http://www.iqiyi.com/v_1qozf4xql7c.html,http://pic8.iqiyipic.com/image/20230630/0c/1c/a_100534476_m_601_m10_579_772.webp,613,912,6451519102552500
51,曾少年之小时候,1997年至2001年，在北京一个四合院里发生了几家人有关于亲情、友情、成长的温暖故事。谢乔、秦川、何筱舟自幼一起长大，他们是知根知底青梅竹马，却也有着各自的烦恼和秘密：跟父母的矛盾、对爱情的向往与迷惘、友谊的新旧交替等等。少男少女的成长仍然是故事的主线，每个孩子的家庭小故事又为主线增添了丰富的生活质感。,青春;家庭,2023-2-27,[],"['张籽沐', '张开泰', '郭子凡', '鹤男', '海一天', '赵子琪', '关晓彤', '张一山']",http://www.iqiyi.com/v_1iszs3b9pb8.html,http://pic1.iqiyipic.com/image/20230628/11/c1/a_100529558_m_601_m18_579_772.webp,2304,3357,5545071694600200
52,微笑妈妈,女工兰香和丈夫白新年、女儿白天原本生活美满。白新年却在劝架副厂长王友谊和摊主沈凤妹时，和王友谊被沈凤妹失手推向卡车而双双身亡。沈凤妹病亡，临终求兰香收养她叛逆的女儿水月。事后，兰香数次为王友谊托其收养的花海寻亲，花海生母华娟娟巧妙躲过后伺机栽赃。肇事司机黄大河因车祸丢公职并被郑亚琴离婚。兰香发小卫峰和郝丽君因性格不合离婚，郝丽君归罪兰香，矛盾不断。黄大河想弥补兰香遭拒后仍陪伴左右，华娟娟则嫁富有港商。水月认为兰香逼死母亲而报复，白天变的叛逆，花海对自己的身世耿耿于怀，兰香和黄大河共同解决种种事端，感情升温。郑亚琴、水月父亲再次出现，华娟娟因不孕决定认亲，平静生活再次被打乱。兰香逐一应对，三姐妹最终感悟，回到兰香身边，兰香和黄大河的爱情也迎来春天。,剧情;言情;家庭,2023-1-18,[],"['王雅捷', '宋佳伦', '王挺', '王丽云']",http://www.iqiyi.com/v_2fol3e1o928.html,http://pic7.iqiyipic.com/image/20230628/99/26/a_100010799_m_601_m13_579_772.webp,2708,1417,8961496039893900
53,他跨越山海而来,家境殷实的戚玥向来胸无大志，秉持得过且过的废材精神虚度光阴。不曾想某日从天而降一个25岁的儿子——戚烁，他预告戚玥将婚姻不幸、人生惨败。为了避免一切重演，戚烁穿越回来帮她改写命运。当戚玥得知她的“未来老公”是高冷学神陆晓后，面对云泥之别，她被迫奋发图强，自我增值。戚烁制定“废柴老妈改造计划”，在自我努力和亲儿子的魔鬼督促下，戚玥爆冷考上和陆晓同一所大学，也正式开启与陆晓的死磕之路，最终俘获了陆晓的心。表面一切都在往美好的方向发展，然而这场穿越背后，戚烁背负着一个不能为人知的秘密。历史被改变了，必然要付出代价。戚玥收获了成长与幸福，而为她跨越山海而来的戚烁，却将湮灭于时光的轨迹之中。,网剧;剧情;青春,2023-3-10,['李娜'],"['刘怡潼', '戚砚笛', '吴迪飞', '叶可儿', '蔡欣洋', '刘佳']",http://www.iqiyi.com/v_2batsx9jm5o.html,http://pic1.iqiyipic.com/image/20230628/b8/c2/a_100530015_m_601_m33_579_772.webp,1854,1808,8579665096451200
54,我可能遇见了爱情,钟离医馆的钟离雪受父亲影响，从小便将心怀大爱、坚守本心作为行事做人的准则。然而在她七岁那年，父亲在治疗残疾的集团少爷楚鹿琰时忽然病逝，医馆被奸人污蔑耽误了楚鹿琰的治疗时机，声誉一落千丈，变得门可罗雀。为重振医馆，长大后的钟离雪不惜去给楚鹿琰当保镖。谁知在与废柴少爷斗智斗勇的过程中，钟离雪发现医馆当年所承受的非议不过是一场蓄谋已久的谎言，一直视为仇敌的楚鹿琰原来也跟自己一样，都是谎言的裹挟者和受害者。于是在他人安危与个人得失面前，钟离雪坚定地选择了站在弱势的楚鹿琰这边，与恶势力进行斗争。,网剧;青春,2023-3-10,['李虹'],"['倪言', '于非凡', '刘凤瑶', '佴文', '杨靖羽']",http://www.iqiyi.com/v_kkswmcj648.html,http://pic1.iqiyipic.com/image/20230602/2a/bb/a_100530190_m_601_m9_579_772.webp,1385,1098,1998696481894100
55,画江湖之换世门生,故事建构在两个互为镜像，生死同命的平行世界中，元界的念阳枭为救心上人空灵慧，穿越到易界苦寻欲刺杀空灵慧的凶手，然而易界里两人竟是仇敌关系，空灵慧一心要致念阳枭与死地，与此同时，神秘的少女永儿、风流的街头小混混、冷面警官诺顿等人相继出现，伴随着一个个错综复杂的案情，而念阳枭的卷入又使案件更为扑朔迷离，一场悬疑烧脑又热血奇幻的异时空冒险就在《画江湖之换世门生》展开。,奇幻;年代;穿越,2023-1-16,[],"['秦晓轩', '王奕婷', '夏楠', '陈涛', '李淑婷', '龙水婷', '白冰可', '张乙恺']",http://www.iqiyi.com/v_24w3ueas1tg.html,http://pic6.iqiyipic.com/image/20230628/32/35/a_100526459_m_601_m8_579_772.webp,2384,1045,7823222701997400
56,绝配酥心唐,该剧改编自漫画《我被总裁黑上了》，讲述了当红女团偶像唐苏被误会雪藏，爆肥50斤后意外成为娱乐集团总裁皇甫诀的贴身保姆，岂料脸盲的皇甫诀竟然是偶像唐苏的头号黑粉！于是两人上演了一场惊心动魄的二哈霸总“黑上”脱线女团的极致恋爱故事。,网剧;都市;自制,2023-3-1,[],"['王艺瑾', '邓凯（演员）', '陈鑫海', '林妍柔', '赵一博', '李昊臻', '陈松伶', '高蓓蓓']",http://www.iqiyi.com/v_1upd8l3zd2k.html,http://pic7.iqiyipic.com/image/20230403/1f/3a/a_100478690_m_601_m15_579_772.webp,1372,1310,6865436679939200
57,脸盲少女的未知爱情,少女鹿回是一个天生的重度脸盲症患者，习惯与人保持距离。德诚大学国际交流生朗承舟返校第一天就解救了被质疑抄袭的鹿回，没想到却被鹿回“三遇帅哥而不认”，不由得陷入深深的自我怀疑。朗承舟发誓要让鹿回拜倒在他的魅力之下，却被鹿回的坦率真诚、乐观善良打动，在接近鹿回的过程中先行沦陷。火力全开的朗承舟对鹿回展开了猛烈的追求攻势，在发现鹿回脸盲的秘密后更是化身男友力爆棚的骑士守护鹿回，并想尽办法让脸盲的鹿回记住自己。不知不觉中，他已经成为鹿回眼中特别的人。仿佛是命运的暗中指引，早有渊源的两人坠入爱河，一段百般波折但早已命中注定的恋爱大戏就此上演。,网剧;青春;言情,2023-7-13,"['李佳璇', '安芷葳']","['段奥娟', '陈博豪', '吕昀峰', '沈莹', '张心怡', '熊稳稳']",http://www.iqiyi.com/v_1syllyr5sns.html,http://pic0.iqiyipic.com/image/20230727/7f/56/a_100526433_m_601_m13_579_772.webp,1710,1366,6479594907112500
58,今日宜加油,企划三部曾是高发电子公司内部最神秘和风光的部门，但近三年却因屡次提出不靠谱的企划而导致地位一落千丈。但是企划三部的众人却以各自的方式，演绎着“平凡奋斗者”的生活。无论是职场“黑洞”李天然，还是追求内心平和淡然的女孩范思思，抑或是冷面热心肠的吴意美、选择奋斗不做纨绔子弟的白马帅，他们有自己的梦想、有自己的执着，也有对企划三部的深厚感情。他们和同事一起进步，陪公司一同成长。虽然面临着副董的故意挑刺、企划一部的竞争，但他们用努力一次次成功化解了危机，使企划三部重回巅峰，也让自己在笑中带泪的职场生活中成长，收获了珍贵的爱情与友情。,都市;喜剧,2023-2-21,[],"['郑恺', '陈钰琪', '王鹤棣', '张绍刚', '梁超', '钟丽丽', '合文俊', '吴亚衡（男）']",http://www.iqiyi.com/v_1vi7oe4eiqs.html,http://pic4.iqiyipic.com/image/20230628/6e/01/a_100517301_m_601_m15_579_772.webp,1404,2537,6806076407182600
59,我们的日子,二十世纪八十年代初，闳光机械厂家属院住着家庭模式各不相同的几家人，刘淑霞王宪平性格迥异但彼此包容；东方玉树傅莹日子艰难但乐在其中；杨大山方慧则过着令人羡慕的优渥生活。三个家庭在同一天诞下孩子王雪花、东方宏及杨思宇。伴随着孩子们的成长，属于他们的故事缓缓拉开帷幕，孩子们经历着关于亲情、友情和爱情的考验，而大人们也要面对关于事业、婚姻与家庭的难题。恩怨情仇将他们维系在一起。尽管生活让人跌跌撞撞，但所有人都努力的在平凡的生活中寻找属于自己不平凡的幸福。,都市;家庭,2023-2-6,['娟子 编剧'],"['李小冉', '李乃文', '周依然', '周奇', '宋春丽', '孙浩', '齐襄', '任帅']",http://www.iqiyi.com/v_2eh6rtrc3bw.html,http://pic9.iqiyipic.com/image/20230628/e4/33/a_100497312_m_601_m35_579_772.webp,2734,1767,8803469367918000
60,妈咪的反攻,五年前，云轻轻在遭受丈夫出轨，孩子夭折的双重打击后，绝望出走。五年后，成为顶级模特和知名服装设计师的她，复仇归来，并以保姆潜入姜家，寻找复仇的关键——一把证明所有真相的钥匙，从此开启了模特和保姆的双面人生。作为模特，她报复继妹云渺渺，频频打脸，作为保姆，她一一化解姜翎的刻意刁难，还撩得他面红耳赤。而这一切的背后，离不开萌宝安安的鼎力相助，制造机会让云轻轻与姜翎亲密接触，是他们破镜重圆的最强助攻。最终，相爱相杀的夫妻二人逐渐意识到，五年前的一切都是一场精心设计的误会，而幕后黑手不止一人……,网剧;都市;剧情,2023-2-24,"['吕姝欣', '宋晓']","['赵一博', '李博洋', '张紫淋（演员）', '李宗霖（演员）', '崔力戈', '仲昭熙']",http://www.iqiyi.com/v_2b74qa2rv2o.html,http://pic0.iqiyipic.com/image/20230628/f7/a3/a_100529182_m_601_m20_579_772.webp,754,1280,8569236940408700
61,龙城,郑家三个堂姐弟从小胜似亲生，堂姐郑东霓因父母关系过于恶劣，性格叛逆张扬，向往他乡，在屡屡折翼后终于远嫁德国，临走前想拆散堂弟郑西决与女友陈嫣，带西决去国外。郑西决因自幼父母双亡，被三叔三婶养大，一心留在龙城向大家庭报恩。西决帮助遭遇不公的小叔改变生活，自己却蒙受刻骨铭心的失恋，好在东霓的闺蜜江薏适时出现，二人逐渐建立情感。郑东霓与博士丈夫方靖晖的婚姻演变成鸡毛鸭血，一场离婚夺子大战从国外打到龙城，好斗的东霓在经历父亲病倒、母亲去世后精疲力尽，全靠西决照顾。堂妹郑南音从小有完美家庭，哥姐保护，为反抗母亲管束刚上大学就领了结婚证，没想到校园夫妻百事哀，时时要回大家庭养伤。郑西决对姐妹俩的呵护令江薏难以接受，她要西决离开龙城，二人关系走到绷断边缘……姐弟三人从各自的原生家庭走出，都要为原生家庭印记“买单”，但又不断出现新的挫折，最终他们理解了西决的“温暖无用”，正是这种看似无用的关爱与守望，才是家的真谛，是成长的源泉。,都市;剧情;自制,2023-4-15,[],"['马伊琍', '白宇', '刘琳', '李婷婷', '高鑫', '节冰', '焦刚', '刘陆']",http://www.iqiyi.com/v_eg17y7mt4k.html,http://pic6.iqiyipic.com/image/20230516/02/98/a_100494633_m_601_m23_579_772.webp,2739,2198,1481299510197400
62,回响,女主人公冉咚咚在侦破凶案过程中，无意间发现丈夫私自开房的线索，于是，她既要侦破案件又要侦破感情的谜团，两条线上的心理较量同时展开。,都市;悬疑,2023-3-16,[],"['宋佳', '王阳', '包贝尔', '吴优', '朱雨辰', '董洁', '啜妮', '侯雯元']",http://www.iqiyi.com/v_1vxy9fa2d74.html,http://pic2.iqiyipic.com/image/20230630/7f/c7/a_100523861_m_601_m30_579_772.webp,3526,2558,7026672015229500
63,心想事成,讲述了孙心、孙想这对性格迥然不同的姐妹，在自由拼搏与平淡安稳中忠于本心，追寻美好生活的故事。,剧情;家庭;言情,2023-3-9,[],"['毛晓彤', '张俪', '李泽锋', '王子异', '张凯丽', '孙松', '金珈', '虞金泽']",http://www.iqiyi.com/v_dyn9za8iks.html,http://pic7.iqiyipic.com/image/20230628/f7/09/a_100530532_m_601_m9_579_772.webp,2733,1353,1544670612124000
64,不就是拔河么,"曾经的足球新星郭炎因意外放弃梦想，转而考入明承大学，开学后与爱较劲的“训练标兵”薛天误打误撞走红校园，因而被教练雷明看中。而“不靠谱”教练雷明为保工作，召集了8个各有私心的新人学生组成战队，开办冷门社团明承大拔河队。一群大多毫无运动基础的新人，在雷明的临时起意下，准备冲击拔河专业赛事——新星赛。
初战果然惨败遭讽，这群在校毫无存在感的普通人，由此打起“咸鱼翻身”战，一路磕绊成长，他们虽然性格各不相同，却有着相同的目标、对于胜利的渴望以及不服输不怕输的精神。在收获友情的同时，会如何继续遵从初心，完成彼此的约定？",网剧,2023-4-18,"['张 璐', '袁国新', '王安安', '李子峘']","['陈靖可', '易大千', '印小天', '林昕宜', '马渝捷', '尤浩然', '雷丰瑞', '周政杰']",http://www.iqiyi.com/v_1nr4hld6cl0.html,http://pic1.iqiyipic.com/image/20230630/38/1e/a_100533474_m_601_m14_579_772.webp,2692,967,6186002206970200
65,闺中蜜友,段若男和樊晓薇本是无话不谈的好友，在闺蜜遭受渣男背叛后，若男把晓薇带回家和男友一起生活，却没想到因三人同居，晓薇和若男的男友黎骁产生了禁忌之恋，背着若男搞起了地下恋情，就在若男和黎骁的恋爱纪念日时，三人的情感纠缠浮出水面，昔日的闺蜜一朝之间势成水火关系，若男悲伤离开。可好景不长，黎骁和樊晓薇当激情渐渐褪去，极度缺乏安全感的晓薇开始表现出对黎骁近乎变态的控制欲，让黎骁喘不过气。一次意外若男和黎骁再次相遇，三人再次牵涉在一起，厌倦了晓薇控制欲的黎骁对若男旧情复燃和晓薇提出了分手，晓薇把一切的罪过都怪在了若男身上，于是加入了若男的新公司开始了复仇计划,,2023-4-6,['熊方'],"['刘泳希', '刘承林']",http://www.iqiyi.com/v_s3qlcs3wy8.html,http://pic1.iqiyipic.com/image/20230628/3b/83/a_100532192_m_601_m10_579_772.webp,681,927,2909956884955900
66,骑着鱼的猫,出身乡野的野生少女施花花，身怀武艺、精通“十八般武艺”，在独自下山历练途中，应下师傅“九九八十一善”的承诺。初入大都市，误打误撞闯成为企业代言人，并行侠仗义救下双面霸总周知斐。而这位霸总正因陷入家族争斗焦头烂额、引发内心创伤复现。一份看似偶然却又充满命运奇缘的故事就此展开。两人反差极强的成长环境、生活态度、生活方式，在互相碰撞中得到和谐和治愈，在亲情、友情、爱情的包围和循环中，两人最终都完成了各自的成长命题，成就了一段最适合对方的美好爱情。,网剧;青春;偶像,2023-2-14,['陈希（女）'],"['吕小雨', '罗正', '林妍柔', '张达塬', '叶皓然', '蓝曼予', '张层层', '周峻宇']",http://www.iqiyi.com/v_1y3pbpu8o3w.html,http://pic7.iqiyipic.com/image/20230628/f3/01/a_100516017_m_601_m18_579_772.webp,1981,2488,7105284268136800
67,卧底警花,以缉毒干警亲身经历为依据，讲述了初入警队的夏海蓉面对高压危险的缉毒行动机智勇敢发挥自己擅长伪装的特长将一个个毒贩绳之以法，也因此成了卧底毒贩集团的不二人选，勇于挑战的夏海蓉也决定深入虎穴，在危机四伏的毒贩集团中寻求一网打破的机会。,罪案,2023-5-12,[],"['鲁诺', '田小洁']",http://www.iqiyi.com/v_cvp7qnoets.html,http://pic1.iqiyipic.com/image/20230630/8e/6f/a_100535405_m_601_m5_579_772.webp,2584,2113,1355359472146300
68,疯狂剧团,一年前，演员林小豪向女友车车求婚，遭到拒绝，车车不辞而别。令人意外的是，两人的再次相逢，竟然是在剧场的舞台上。林小豪第一次饰演男一号，搭档突发疾病，新来剧团报道的车车临时顶戏。林小豪心结未解，两人还必须饰演深爱的情侣。车车为了争取这次表演的机会从而留在剧团，找到林小豪向他坦白了自己当年离开的原因。林小豪谅解，两人成为朋友，搭档出演的话剧也受到了一致好评。后两人接二连三的饰演了不同类型的情侣，被观众们评为“剧场情侣“。两人在工作中配合越来越默契，生活中也渐生情愫。最终，林小豪守得云开见月明，与车车有情人终成眷侣。,网剧,2023-6-23,"['何念', '肖诗瑶']","['郭晓婷', '陈信喆', '张钟仪', '薛宇槟', '刘炫锐', '李梓溪']",http://www.iqiyi.com/v_13nh4sw5v2c.html,http://pic8.iqiyipic.com/image/20230630/aa/0c/a_100535541_m_601_m9_579_772.webp,2716,526,4006517598772200
69,盲少爷的小女仆,任浩铭，作为任家最受器重的长子，纵横商场无敌手。但他最近实惨，因为一场车祸双目失明，变成一个吃饭洗澡都需要人帮忙的大冤种！更惨的是，与别有用心的阮清恬定了婚约！两人同居以主仆相称，不过这个女仆做饭做不好，洗澡帮不了，任浩铭的眼睛更疼了！这个家霸总不像霸总，仆人不像仆人！任浩铭他这小子惨了，坠入爱河了！,都市;家庭,2023-1-9,['牟思颖'],"['林柏叡', '严智超', '吴骏超']",http://www.iqiyi.com/v_2f1yrmfsyl4.html,http://pic6.iqiyipic.com/image/20230628/1c/e1/a_100526358_m_601_m8_579_772.webp,659,1311,8756943748739700
70,烽火硝烟里的青春,该剧通过八路军战士肖云飞、邢燕如、文书怀、蔡秀琴等，串联起抗日战争中发生在燕赵大地的可歌可泣、广为流传的抗日故事，比如雁翎队、敌后武工队、狼牙山五壮士、回民支队、地道战、地雷战等，让人们重温那段用我们血肉筑成新长城的烽火连天的年代，塑造出一群让人荡气回肠的抗日英雄形象。,战争;年代,2023-2-6,[],"['严屹宽', '单英哲', '董艺薇', '董永', '郑爽(大)', '景岗山', '佟瑞欣', '李华']",http://www.iqiyi.com/v_22ibbzenzio.html,http://pic7.iqiyipic.com/image/20230628/72/d2/a_100528186_m_601_m13_579_772.webp,2704,1103,7484708714306300
71,人设,即将大学毕业的憨直理科男尚鑫，意外的进入影视行业，且一炮而红，面对突如其来的名利，尚鑫有些无所适从，在公众的聚焦和追捧下，尚鑫也有些飘飘然，初尝名利滋味的他，疯狂又享受着这一切。然而狂欢的热情褪去后，尚鑫却发现成名的代价就是要抛开以前的自我，服从公司安排塑造新的人设，他不能和过去的朋友有太多牵连，也要处处提防无孔不入的媒体。尚鑫被戴上了面具，迷失在公司为他打造的人设里。困于人设之中的，不只是尚鑫，每个人都在负重前行。导演王子齐和编剧章琳一直以模范夫妻形象面对公众，而背后却是家庭生活的死气沉沉。明星张一因为工作原因，频繁和王子齐见面，张一的热情直爽如同一团火，点燃了导演王子齐心中深埋已久的热情。,网剧;剧情;喜剧,2023-2-7,['韩金兔'],"['嘎嘎冯满', '李觅尔', '张昊玥', '李悟（演员）', '杜胤伟', '张璐瑶', '马小茜', '闵春晓']",http://www.iqiyi.com/v_15iqbue09ek.html,http://pic3.iqiyipic.com/image/20230629/8d/bb/a_100528128_m_601_m9_579_772.webp,2628,439,4097162339484400
72,暗战风云,深夜，市公安局被告之，在上海发现了正在追查的临海市九洲机械厂厂长张东海的尸体。新中国刚刚成立，打仗出身的副局长林笑海顿感事态严重。他知道国民党中统、军统特务组织，以各种手段寻觅苏联援助的MIG军用发动机图纸，甚至计划炸毁九洲厂。于是为了绝密情报，每个隐藏在红旗暗处的黑影丧心病狂、不顾一切，临海市暗流涌动，乌云密布，惊心动魄。而猎人已经布下陷阱，林笑海利用MIG的假情报，不但成功的保护了九洲厂，而且还一一挖出了潜伏在临海市的各个角落的敌特分子。一批新中国军人、干部，为了守护党的胜利果实，保护国家利益不受侵犯，一场明争暗斗，生死较量正在殊死搏斗中进行。敌人没有走，他们的使命就永远没有结束。,战争;年代,2023-6-22,[],"['安泽豪', '邱心志', '王奎荣', '李修贤', '铁鹤', '王乙竹']",http://www.iqiyi.com/v_konb0sltk8.html,http://pic2.iqiyipic.com/image/20230630/91/22/a_100538018_m_601_m5_579_772.webp,2710,2238,1974631506637700
73,再造之恩,温良贤淑的富家小姐楚玉荷，身不由己嫁入深宅大院，操持家业赈济百姓，一度和土匪武装势同水火，却阴差阳错成了土匪首领。爱过她的家院侍卫百子离她而去，加入革命队伍，成长为解放军的侦查排长，领命剿匪。土匪在解放军面前溃不成军，楚玉荷屡屡逃脱之后，终于被百子亲手抓获。她的传奇故事惊动了党中央，毛主席亲自批示枪下留人。为报共产党的不杀之恩，楚玉荷转而配合解放军剿匪，战斗中他们经历了生死考验。,年代,2023-6-6,[],"['万潼', '万思维', '姜艺声', '邓凯匀']",http://www.iqiyi.com/v_1d6n7vyx5ug.html,http://pic6.iqiyipic.com/image/20230630/6f/f8/a_100537217_m_601_m5_579_772.webp,2712,2828,5007620576734900
74,库尔班大叔和他的子孙们,该剧讲述了解放前库尔班一家身为塔西巴依家农奴，被欺压被剥削的悲惨生活，到新中国成立，中国人民解放军接管于田县，库尔班与他的家人从农奴到翻身做主人，分到了田地，帮助解放军打击残留土匪间谍的破坏活动，库尔班从农奴到成为农会主席、劳动模范，去北京得到毛主席亲自接见的世纪故事。库尔班的重孙女茹克亚姆继承遗志，成为一名海军战士。茹克亚姆将新疆的发展变化，各民族团结一心的美好生活写信告诉了习总书记，并得到了总书记的回信。这是库尔班家的传家宝，要永远铭记共产党解放军的恩情。,谍战;年代,2023-4-9,[],"['库尔班江．吐尔达洪', '张子健', '尚铁龙', '陈丽娜']",http://www.iqiyi.com/v_1ysj989759o.html,http://pic7.iqiyipic.com/image/20230628/44/dd/a_100532819_m_601_m3_579_772.webp,2729,913,7317858218035200
75,平原上的摩西,该剧根据双雪涛同名小说改编，在跨越两个时代的奔流中，一桩未决的罪案浮现，打破了小城的平静。,年代;罪案;悬疑,2023-1-16,[],"['董子健', '海清', '邱天（小）', '董宝石', '张晨（演员）', '梁景东', '王铮（男）']",http://www.iqiyi.com/v_1ztrw7m67ug.html,http://pic9.iqiyipic.com/image/20230630/94/6d/a_100526821_m_601_m19_579_772.webp,4637,1486,7212774491887700
76,花戎,人间魏国，盛行修仙，长生对于大多数老百姓来说终是遥不可及。从小被视为扫把星的少女魏枝虽然缄默低调，性格却并不懦弱，她大胆参加了测仙缘根骨的成人礼。成人礼上，魏枝所在的三十六人组在鉴仙镜中照出凤凰身影，众人因此被一起送入白鹭书院深造，其中资质出众的魏家三小姐成为了凤凰血脉继承者的热门人选。书院中，老师炎越严厉之极，把一干锦衣玉食的公子小姐折磨得叫苦不迭。其实炎越乃是上界天君，下凡目的正是为了寻找凤凰血脉继承者，因为在传说中，凤凰是必将毁灭三界的可怕存在，杀死凤凰，既是炎越的使命，也是对他能否顺利即位天君的最大试炼。炎越因天律约束，无法干扰人间之事，却渐渐对聪慧顽强的魏枝产生了浓厚的兴趣。,古装;言情,2023-6-1,[],"['鞠婧祎', '郭俊辰', '刘冬沁', '陆婷玉', '马月', '张志浩', '宋昕冉', '聂子皓']",http://www.iqiyi.com/v_k9j4r3geds.html,http://pic8.iqiyipic.com/image/20230630/42/92/a_100465280_m_601_m22_579_772.webp,2733,4153,2034793945152700
77,加油吧！程序员,本剧主要讲述了程序员创业的搞笑故事。讲述了在万物互联的新时代下，一个是拥有技术天赋初入职场的程序员朱蒙，一个是互联网巨头罗峰翔。技术宅男朱蒙识破业内大佬罗峰翔的真正面目后。他决定摆脱资本的裹挟，为心中坚守的理想，开始创业征程。召集了一群能力超群、奇葩有趣的伙伴们，成立了宝葫芦科技公司。虽然宝葫芦在融资、产品开发和公司运营上走得磕磕绊绊，时刻经历生死存亡的考验。但是朱蒙始终坚守初心，带领大家不断成长，最终在智能驾驶技术上战胜了商业巨头，实现了用科技改变生活的人生目标，同时也收获了坚固的友情，领悟了创业真谛。,网剧,2023-4-26,"['郑子杨', '李海部', '商丙运']","['王润泽', '叶思浵', '冯晖', '肖旭']",http://www.iqiyi.com/v_1s4l0dqioak.html,http://pic9.iqiyipic.com/image/20230517/a2/1b/a_100534107_m_601_m8_579_772.webp,2269,461,6568635316330000
78,虫图腾,讲述了虫草堂名医潘俊与同为虫族五大家族后人一起寻找族人遗留线索，守护国家宝藏的故事。,年代;悬疑,2023-1-6,[],"['张铭恩', '胡冰卿', '吕昀峰', '阿丽亚', '张家鼎', '丁翔南', '于荣光', '刘威葳']",http://www.iqiyi.com/v_lq4dryys64.html,http://pic5.iqiyipic.com/image/20230628/c8/6f/a_100526232_m_601_m7_579_772.webp,2720,1165,2150305827071600
79,一代匠师,故事发生于山雨欲来的1911年即辛亥革命之年，福建莆田城内“六合堂”木雕名家廖氏家族，虽凭借业界公认的高超技艺世承皇恩，但却人丁寥落各怀心事。廖氏家族为宣统皇帝定制的龙椅三件套交货之时，却发现龙椅上的龙眼珠被人为破坏成为“有眼无珠”，廖氏家族面临满门抄斩的滔天大祸。廖府长子廖曦挺身而出勇担罪责，凭借匠心与巧妙构思再造龙珠，平息风波。但觊觎“六合堂”多年的奸邪小人刘天秋等人又屡次出手暗算，为救父亲廖曦只能背负罪名远走他乡。在流亡途中他在泉州遇到了红颜知己梅姨。为了重振廖家门楣、让精美的木雕技艺为世人所知，廖曦与梅姨这对相知相惜的伴侣，与官僚、军阀、日本侵略者等各方势力巧妙周旋、斗智斗勇，谱写了一曲可歌可泣的工匠精神之诗。,年代,2023-5-21,[],"['侯勇', '斓曦', '郭广平', '孙雪宁']",http://www.iqiyi.com/v_to28y2tl0g.html,http://pic0.iqiyipic.com/image/20230630/77/a5/a_100536180_m_601_m2_579_772.webp,2725,1482,3027073098743500
80,雪莲花盛开的地方,上世纪九十年代末，优秀大学毕业生欧阳南，积极响应国家号召自愿支援西藏建设。他到巴古乡强嘎村后，面临了一系列问题：生活不适应，和当地藏族同胞的观念冲突，以及经济发展中自己的环保思路如何实施等。他在老一辈援藏干部原十八军老战士黄中原的鼓励下，在援藏干部朗嘎县现任副县长马如云的支持下，在强嘎村新任村支书兼村主任格列朗杰帮助下，尤其是藏族姑娘琼卓玛的信任下，克服困难，兢兢业业，坚定信念，找准了自己的位置，把一个贫困落后闭塞的藏地农村建设转变成富裕先进发达的高原“小康村”，得到了藏族同胞和上级政府的认可。,农村,2023-5-5,[],"['巩峥', '曲尼次仁', '刘向京', '赵婷婷', '何政军', '沈丹萍', '杨童舒', '刘禹霆']",http://www.iqiyi.com/v_1s06qthyxcg.html,http://pic4.iqiyipic.com/image/20230630/f7/28/a_100535046_m_601_m9_579_772.webp,2725,1465,6594304623453500
81,黏人俱乐部,坐落于南城胡同的破产酒馆儿中，集中年危机之大成的老板龙哥无意间用歌声触发了老房东的神秘古董“八音盒”而让酒馆开启了一段段奇幻故事，同时也迎来了各路大神的粉墨登场，他们体会到了亲情的可贵、友情也需要表达、爱情要靠自己去争取，一群人为了让这个小破酒馆身价更高，使出了十八般武艺，不知不觉中大家也渐渐凝聚在了一起，从一开始的互不顺眼甚至到了能为他人牺牲一小下，在这里，不停上演着各种有笑也有泪悲欢离合故事。,奇幻;喜剧,2023-3-17,[],"['梁龙（乐队）', '李雪琴', '张亦驰', '田野（老四）', '冯力宪', '二手玫瑰乐队', '孙越', '小爱']",http://www.iqiyi.com/v_xvvz4zybzw.html,http://pic0.iqiyipic.com/image/20230605/4d/5f/a_100517613_m_601_m10_579_772.webp,3098,1408,3461846988133200
82,许你万家灯火,1986年，南斯拉夫核电专家莱曼来到东海核电考察，质疑中国建造核电站的能力，钳工叶家明和采购员林天诚投入东海核电的全面整改建设之中。同年，叶家明和林天诚各自的儿子叶启辰和林奇相继出生。东海核电建设过程中，林天诚受小人丁犁所害，被上级误会贪污。事件澄清后，林天诚愤而辞职前往美国，将儿子林奇留给叶家抚养。成年后的叶启辰和林奇先后进入研究院工作，在此期间，中国核电技术不断取得新突破。2011年，中国完全自主核电技术CP1000通过审核，但受日本福岛核事故爆发影响，核电项目被全面叫停。彼时，已成为国外某重要核电设备制造厂商的林天诚也回到国内，成为CP1000最大的竞争对手。面对困境，林奇、叶启辰等第三代核工业人在磨砺中探索新路。,都市,2023-3-1,[],"['郑业成', '刘芮麟', '李兰迪', '郭晓东', '海一天', '杨童舒', '安冬', '宋奕星']",http://www.iqiyi.com/v_24zwue4z83c.html,http://pic0.iqiyipic.com/image/20230630/7b/63/a_100529843_m_601_m11_579_772.webp,2725,944,7807981550962900
83,积极的生活吧,本剧故事围绕两位从小一起舞狮的小伙伴展开，“狮头-洛星星”和“狮尾-何阳光”两人童年一起长大，受爷爷影响自幼舞狮，后因意外导致洛家变故，随着何家出国致使两人分隔再无联系；多年后，已经更名换姓的洛星星代表天府大学来到新加坡维利大学交流，却恰巧与成年后的何阳光相逢，后何阳光借机追回国内，二人终于在老街巷口相遇；而此时看着被要债追打并独自照顾奶奶的洛星星，何阳光心里有无数疑问，而当他知道洛星星的坠落是因为自己而发生的意外，面对刚刚相认的洛星星，他这一次选择做洛星星坚强的后盾并默默弥补；后经过“小狮子”的创业成功和洛奶奶的生病离世，二人终于互相解开了心结，像“小狮子”一样，勇敢面对失去，积极地面对生活,网剧;青春;偶像,2023-1-16,['王赫槟'],"['木子洋', '吴幸键', '屠芷莹', '张宇柠']",http://www.iqiyi.com/v_2d2vulfp3v8.html,http://pic2.iqiyipic.com/image/20230629/49/13/a_100525850_m_601_m21_579_772.webp,1794,599,8663892510377400
